Column1;step;customer;age;gender;zipcodeOri;merchant;zipMerchant;category;amount;Fraud
0;0;'C1093826151';'4';'M';'28007';'M348934600';'28007';'es_transportation';4.55;0
1;0;'C352968107';'2';'M';'28007';'M348934600';'28007';'es_transportation';39.68;0
2;0;'C2054744914';'4';'F';'28007';'M1823072687';'28007';'es_transportation';26.89;0
3;0;'C1760612790';'3';'M';'28007';'M348934600';'28007';'es_transportation';17.25;0
4;0;'C757503768';'5';'M';'28007';'M348934600';'28007';'es_transportation';35.72;0
5;0;'C1315400589';'3';'F';'28007';'M348934600';'28007';'es_transportation';25.81;0
6;0;'C765155274';'1';'F';'28007';'M348934600';'28007';'es_transportation';9.1;0
7;0;'C202531238';'4';'F';'28007';'M348934600';'28007';'es_transportation';21.17;0
8;0;'C105845174';'3';'M';'28007';'M348934600';'28007';'es_transportation';32.4;0
9;0;'C39858251';'5';'F';'28007';'M348934600';'28007';'es_transportation';35.4;0
10;0;'C98707741';'4';'F';'28007';'M348934600';'28007';'es_transportation';14.95;0
11;0;'C1551465414';'1';'M';'28007';'M1823072687';'28007';'es_transportation';1.51;0
12;0;'C623601481';'3';'M';'28007';'M50039827';'28007';'es_health';68.79;0
13;0;'C1865204568';'5';'M';'28007';'M1823072687';'28007';'es_transportation';20.32;0
14;0;'C490238464';'3';'M';'28007';'M348934600';'28007';'es_transportation';13.56;0
15;0;'C194016923';'3';'F';'28007';'M348934600';'28007';'es_transportation';30.19;0
16;0;'C1207205377';'4';'M';'28007';'M1823072687';'28007';'es_transportation';17.54;0
17;0;'C834963773';'5';'F';'28007';'M348934600';'28007';'es_transportation';40.69;0
18;0;'C1897705669';'2';'M';'28007';'M348934600';'28007';'es_transportation';21.21;0
19;0;'C124539163';'2';'F';'28007';'M348934600';'28007';'es_transportation';10.09;0
20;0;'C1687101094';'2';'F';'28007';'M348934600';'28007';'es_transportation';19.31;0
21;0;'C1695454092';'2';'M';'28007';'M348934600';'28007';'es_transportation';44.22;0
22;0;'C986553990';'5';'F';'28007';'M348934600';'28007';'es_transportation';44.39;0
23;0;'C819690995';'5';'F';'28007';'M348934600';'28007';'es_transportation';30.72;0
24;0;'C1622124632';'2';'M';'28007';'M348934600';'28007';'es_transportation';29.84;0
25;0;'C187514477';'3';'M';'28007';'M348934600';'28007';'es_transportation';12.1;0
26;0;'C272748313';'4';'M';'28007';'M348934600';'28007';'es_transportation';24.84;0
27;0;'C490092965';'2';'M';'28007';'M348934600';'28007';'es_transportation';16.42;0
28;0;'C546957379';'5';'M';'28007';'M348934600';'28007';'es_transportation';2.19;0
29;0;'C1563705147';'5';'F';'28007';'M348934600';'28007';'es_transportation';32.27;0
30;0;'C1273110804';'4';'M';'28007';'M348934600';'28007';'es_transportation';28.09;0
31;0;'C1582366224';'5';'M';'28007';'M1823072687';'28007';'es_transportation';16.13;0
32;0;'C998987490';'2';'F';'28007';'M348934600';'28007';'es_transportation';32.7;0
33;0;'C1413412440';'2';'F';'28007';'M348934600';'28007';'es_transportation';25.53;0
34;0;'C1166355595';'4';'F';'28007';'M348934600';'28007';'es_transportation';39.22;0
35;0;'C719598710';'5';'F';'28007';'M348934600';'28007';'es_transportation';46.14;0
36;0;'C1161949399';'2';'M';'28007';'M348934600';'28007';'es_transportation';29.55;0
37;0;'C60351691';'2';'F';'28007';'M1823072687';'28007';'es_transportation';36.88;0
38;0;'C1769927077';'2';'F';'28007';'M348934600';'28007';'es_transportation';36.15;0
39;0;'C995844287';'5';'F';'28007';'M348934600';'28007';'es_transportation';2.81;0
40;0;'C1425441042';'2';'M';'28007';'M1888755466';'28007';'es_otherservices';87.67;0
41;0;'C337109624';'2';'F';'28007';'M1823072687';'28007';'es_transportation';11.17;0
42;0;'C1635613216';'4';'F';'28007';'M1053599405';'28007';'es_health';105.59;0
43;0;'C996804095';'3';'M';'28007';'M348934600';'28007';'es_transportation';15.25;0
44;0;'C1331907286';'2';'M';'28007';'M348934600';'28007';'es_transportation';33.36;0
45;0;'C506520283';'4';'F';'28007';'M348934600';'28007';'es_transportation';32.96;0
46;0;'C83613815';'2';'F';'28007';'M348934600';'28007';'es_transportation';16.96;0
47;0;'C1697528836';'3';'F';'28007';'M1823072687';'28007';'es_transportation';49.91;0
48;0;'C168310052';'2';'M';'28007';'M348934600';'28007';'es_transportation';0.93;0
49;0;'C2096367617';'2';'M';'28007';'M348934600';'28007';'es_transportation';37.71;0
50;0;'C1870872671';'2';'F';'28007';'M1823072687';'28007';'es_transportation';12.53;0
51;0;'C823286801';'2';'F';'28007';'M348934600';'28007';'es_transportation';56.97;0
52;0;'C1038996959';'2';'M';'28007';'M348934600';'28007';'es_transportation';31.32;0
53;0;'C345742557';'5';'F';'28007';'M348934600';'28007';'es_transportation';21.15;0
54;0;'C638163213';'1';'F';'28007';'M348934600';'28007';'es_transportation';3.12;0
55;0;'C1941625566';'3';'F';'28007';'M348934600';'28007';'es_transportation';33.41;0
56;0;'C1180570487';'6';'F';'28007';'M1823072687';'28007';'es_transportation';45.92;0
57;0;'C51444479';'3';'M';'28007';'M348934600';'28007';'es_transportation';36.82;0
58;0;'C153419170';'3';'F';'28007';'M1823072687';'28007';'es_transportation';20.05;0
59;0;'C574062699';'2';'M';'28007';'M348934600';'28007';'es_transportation';43.75;0
60;0;'C1087788850';'4';'M';'28007';'M348934600';'28007';'es_transportation';44.88;0
61;0;'C2126436338';'1';'F';'28007';'M348934600';'28007';'es_transportation';18.45;0
62;0;'C1820855004';'2';'F';'28007';'M348934600';'28007';'es_transportation';29.66;0
63;0;'C487569403';'2';'M';'28007';'M348934600';'28007';'es_transportation';28.38;0
64;0;'C923875417';'5';'F';'28007';'M348934600';'28007';'es_transportation';62.76;0
65;0;'C579037870';'6';'M';'28007';'M348934600';'28007';'es_transportation';21.6;0
66;0;'C662931726';'2';'F';'28007';'M348934600';'28007';'es_transportation';30.74;0
67;0;'C671524709';'5';'F';'28007';'M348934600';'28007';'es_transportation';58.33;0
68;0;'C476477241';'4';'M';'28007';'M348934600';'28007';'es_transportation';44.07;0
69;0;'C327430270';'5';'F';'28007';'M348934600';'28007';'es_transportation';6.52;0
70;0;'C1879341237';'4';'M';'28007';'M1823072687';'28007';'es_transportation';2.96;0
71;0;'C1655037147';'2';'F';'28007';'M348934600';'28007';'es_transportation';44.69;0
72;0;'C864655240';'2';'F';'28007';'M1823072687';'28007';'es_transportation';5.01;0
73;0;'C72353846';'2';'M';'28007';'M348934600';'28007';'es_transportation';9.74;0
74;0;'C1591908890';'2';'M';'28007';'M348934600';'28007';'es_transportation';10.1;0
75;0;'C1156346576';'4';'F';'28007';'M348934600';'28007';'es_transportation';58.64;0
76;0;'C1771717627';'2';'F';'28007';'M348934600';'28007';'es_transportation';29.2;0
77;0;'C156162339';'2';'F';'28007';'M85975013';'28007';'es_food';32.6;0
78;0;'C588719767';'2';'M';'28007';'M348934600';'28007';'es_transportation';52.35;0
79;0;'C118437987';'2';'M';'28007';'M1053599405';'28007';'es_health';159.92;0
80;0;'C1130259702';'3';'M';'28007';'M348934600';'28007';'es_transportation';26.37;0
81;0;'C1738944491';'2';'M';'28007';'M348934600';'28007';'es_transportation';49.07;0
82;0;'C1950723662';'2';'F';'28007';'M348934600';'28007';'es_transportation';35.74;0
83;0;'C1987405562';'5';'F';'28007';'M1823072687';'28007';'es_transportation';47.53;0
84;0;'C1988407051';'5';'M';'28007';'M348934600';'28007';'es_transportation';29.87;0
85;0;'C1698653726';'2';'M';'28007';'M348934600';'28007';'es_transportation';20.31;0
86;0;'C1952040134';'3';'F';'28007';'M348934600';'28007';'es_transportation';10.59;0
87;0;'C1769470125';'2';'F';'28007';'M348934600';'28007';'es_transportation';21.92;0
88;0;'C583110837';'3';'M';'28007';'M480139044';'28007';'es_health';44.26;0
89;0;'C1332295774';'3';'M';'28007';'M480139044';'28007';'es_health';324.5;1
90;0;'C603564532';'1';'M';'28007';'M1823072687';'28007';'es_transportation';26.07;0
91;0;'C2072009750';'2';'F';'28007';'M348934600';'28007';'es_transportation';10.88;0
92;0;'C545248492';'4';'M';'28007';'M348934600';'28007';'es_transportation';8.05;0
93;0;'C1055224400';'3';'F';'28007';'M348934600';'28007';'es_transportation';25.59;0
94;0;'C1619755203';'5';'F';'28007';'M348934600';'28007';'es_transportation';15.26;0
95;0;'C1697851479';'3';'M';'28007';'M348934600';'28007';'es_transportation';20.73;0
96;0;'C1255236689';'1';'F';'28007';'M348934600';'28007';'es_transportation';68.17;0
97;0;'C603081336';'3';'F';'28007';'M348934600';'28007';'es_transportation';34.75;0
98;0;'C274486575';'2';'F';'28007';'M692898500';'28007';'es_health';171.07;0
99;0;'C1569939854';'6';'F';'28007';'M348934600';'28007';'es_transportation';50.31;0
100;0;'C648063518';'3';'M';'28007';'M348934600';'28007';'es_transportation';17.87;0
101;0;'C1488142454';'2';'F';'28007';'M348934600';'28007';'es_transportation';5.96;0
102;0;'C384665757';'3';'F';'28007';'M1823072687';'28007';'es_transportation';13.08;0
103;0;'C131559770';'6';'F';'28007';'M348934600';'28007';'es_transportation';51.99;0
104;0;'C1547534233';'2';'F';'28007';'M348934600';'28007';'es_transportation';9.54;0
105;0;'C76969430';'2';'M';'28007';'M1823072687';'28007';'es_transportation';61.33;0
106;0;'C896887653';'3';'M';'28007';'M348934600';'28007';'es_transportation';47.72;0
107;0;'C281893917';'3';'M';'28007';'M348934600';'28007';'es_transportation';1.72;0
108;0;'C120661238';'6';'M';'28007';'M348934600';'28007';'es_transportation';8.14;0
109;0;'C1617276678';'3';'M';'28007';'M348934600';'28007';'es_transportation';43.76;0
110;0;'C1499019507';'2';'M';'28007';'M348934600';'28007';'es_transportation';52.36;0
111;0;'C83086349';'6';'M';'28007';'M1823072687';'28007';'es_transportation';14.2;0
112;0;'C2006367089';'6';'F';'28007';'M1823072687';'28007';'es_transportation';2.06;0
113;0;'C870367228';'4';'M';'28007';'M348934600';'28007';'es_transportation';45.32;0
114;0;'C966335674';'3';'M';'28007';'M348934600';'28007';'es_transportation';10.38;0
115;0;'C694265356';'3';'F';'28007';'M348934600';'28007';'es_transportation';2.46;0
116;0;'C400803731';'2';'F';'28007';'M348934600';'28007';'es_transportation';40.15;0
117;0;'C477595630';'4';'M';'28007';'M348934600';'28007';'es_transportation';4.96;0
118;0;'C1721541488';'2';'M';'28007';'M348934600';'28007';'es_transportation';43.55;0
119;0;'C949023995';'3';'M';'28007';'M348934600';'28007';'es_transportation';8.56;0
120;0;'C439601438';'5';'F';'28007';'M348934600';'28007';'es_transportation';28.06;0
121;0;'C1482560016';'5';'M';'28007';'M348934600';'28007';'es_transportation';7.89;0
122;0;'C13098029';'5';'F';'28007';'M348934600';'28007';'es_transportation';44.59;0
123;0;'C672742304';'4';'M';'28007';'M348934600';'28007';'es_transportation';10.84;0
124;0;'C916497516';'3';'F';'28007';'M348934600';'28007';'es_transportation';13.35;0
125;0;'C1403689550';'2';'F';'28007';'M348934600';'28007';'es_transportation';10.49;0
126;0;'C869565327';'5';'F';'28007';'M348934600';'28007';'es_transportation';6.19;0
127;0;'C1085056650';'1';'F';'28007';'M348875670';'28007';'es_hotelservices';114.54;0
128;0;'C1035681921';'1';'M';'28007';'M348934600';'28007';'es_transportation';23.97;0
129;0;'C1476505660';'1';'F';'28007';'M348934600';'28007';'es_transportation';7.75;0
130;0;'C948004275';'2';'M';'28007';'M151143676';'28007';'es_barsandrestaurants';36.41;0
131;0;'C650108285';'4';'F';'28007';'M1053599405';'28007';'es_health';11.83;0
132;0;'C2041218422';'3';'M';'28007';'M1823072687';'28007';'es_transportation';4.23;0
133;0;'C2081956948';'2';'M';'28007';'M348934600';'28007';'es_transportation';11.23;0
134;0;'C1305339250';'4';'M';'28007';'M348934600';'28007';'es_transportation';20.55;0
135;0;'C1459810780';'2';'F';'28007';'M348934600';'28007';'es_transportation';43.78;0
136;0;'C433481742';'4';'F';'28007';'M348934600';'28007';'es_transportation';10.96;0
137;0;'C288684762';'3';'M';'28007';'M348934600';'28007';'es_transportation';33.27;0
138;0;'C1817842389';'5';'M';'28007';'M692898500';'28007';'es_health';109.26;0
139;0;'C206074131';'5';'F';'28007';'M348934600';'28007';'es_transportation';38.38;0
140;0;'C1502804084';'2';'F';'28007';'M348934600';'28007';'es_transportation';1.01;0
141;0;'C2134043204';'3';'M';'28007';'M348934600';'28007';'es_transportation';31.73;0
142;0;'C662187574';'2';'M';'28007';'M348934600';'28007';'es_transportation';13.33;0
143;0;'C2039473569';'2';'M';'28007';'M348934600';'28007';'es_transportation';68.39;0
144;0;'C370861553';'2';'M';'28007';'M348934600';'28007';'es_transportation';2.46;0
145;0;'C1187730955';'3';'M';'28007';'M1823072687';'28007';'es_transportation';33.71;0
146;0;'C426128777';'3';'F';'28007';'M348934600';'28007';'es_transportation';39.96;0
147;0;'C779868884';'1';'M';'28007';'M348934600';'28007';'es_transportation';17.56;0
148;0;'C2092526272';'6';'F';'28007';'M840466850';'28007';'es_tech';163.56;0
149;0;'C1450354557';'3';'F';'28007';'M348934600';'28007';'es_transportation';23.24;0
150;0;'C1313060996';'3';'F';'28007';'M348934600';'28007';'es_transportation';26.46;0
151;0;'C1091966081';'3';'F';'28007';'M348934600';'28007';'es_transportation';13.56;0
152;0;'C564600361';'2';'M';'28007';'M348934600';'28007';'es_transportation';25.53;0
153;0;'C661876608';'1';'F';'28007';'M1741626453';'28007';'es_sportsandtoys';11.83;0
154;0;'C1871594117';'1';'M';'28007';'M348934600';'28007';'es_transportation';24.15;0
155;0;'C759167881';'2';'F';'28007';'M348934600';'28007';'es_transportation';2.63;0
156;0;'C359668643';'2';'M';'28007';'M348934600';'28007';'es_transportation';31.2;0
157;0;'C1536083561';'2';'F';'28007';'M348934600';'28007';'es_transportation';4.15;0
158;0;'C2043927860';'2';'M';'28007';'M348934600';'28007';'es_transportation';29.95;0
159;0;'C1159406873';'3';'F';'28007';'M348934600';'28007';'es_transportation';58.95;0
160;0;'C1463833315';'1';'M';'28007';'M1053599405';'28007';'es_health';7.94;0
161;0;'C1206604144';'2';'F';'28007';'M348934600';'28007';'es_transportation';37.8;0
162;0;'C673469784';'3';'F';'28007';'M348934600';'28007';'es_transportation';55.19;0
163;0;'C994739890';'5';'M';'28007';'M348934600';'28007';'es_transportation';32.95;0
164;0;'C409331076';'4';'M';'28007';'M1823072687';'28007';'es_transportation';50.9;0
165;0;'C1229072215';'3';'M';'28007';'M348934600';'28007';'es_transportation';15.69;0
166;0;'C1070277785';'4';'F';'28007';'M348934600';'28007';'es_transportation';14.36;0
167;0;'C1324001180';'2';'M';'28007';'M1823072687';'28007';'es_transportation';50.57;0
168;0;'C1424475955';'3';'M';'28007';'M348934600';'28007';'es_transportation';37.73;0
169;0;'C1423644375';'2';'M';'28007';'M348934600';'28007';'es_transportation';30.98;0
170;0;'C2042503226';'2';'F';'28007';'M348934600';'28007';'es_transportation';10.37;0
171;0;'C2038427935';'3';'F';'28007';'M348934600';'28007';'es_transportation';64.69;0
172;0;'C1549232957';'3';'M';'28007';'M1823072687';'28007';'es_transportation';44.5;0
173;0;'C1314685160';'1';'M';'28007';'M348934600';'28007';'es_transportation';5.5;0
174;0;'C276142295';'3';'M';'28007';'M348934600';'28007';'es_transportation';30.86;0
175;0;'C2035341190';'2';'M';'28007';'M348934600';'28007';'es_transportation';61.83;0
176;0;'C1846578588';'3';'M';'28007';'M348934600';'28007';'es_transportation';55.55;0
177;0;'C2029028090';'4';'M';'28007';'M348934600';'28007';'es_transportation';73.36;0
178;0;'C1568358546';'2';'F';'28007';'M348934600';'28007';'es_transportation';47.14;0
179;0;'C1818841328';'2';'M';'28007';'M348934600';'28007';'es_transportation';14.55;0
180;0;'C142251484';'6';'M';'28007';'M348934600';'28007';'es_transportation';44.22;0
181;0;'C413843100';'3';'F';'28007';'M348934600';'28007';'es_transportation';38.2;0
182;0;'C1368210201';'2';'F';'28007';'M348934600';'28007';'es_transportation';12.55;0
183;0;'C747590731';'3';'F';'28007';'M348934600';'28007';'es_transportation';0.1;0
184;0;'C1032715879';'3';'F';'28007';'M85975013';'28007';'es_food';36.55;0
185;0;'C441989517';'3';'F';'28007';'M348934600';'28007';'es_transportation';15.04;0
186;0;'C1506293914';'5';'M';'28007';'M1823072687';'28007';'es_transportation';54.45;0
187;0;'C1800696439';'5';'M';'28007';'M348934600';'28007';'es_transportation';66.57;0
188;0;'C1385780363';'4';'F';'28007';'M348934600';'28007';'es_transportation';56.93;0
189;0;'C947010068';'4';'F';'28007';'M348934600';'28007';'es_transportation';3.5;0
190;0;'C1939799337';'4';'F';'28007';'M348934600';'28007';'es_transportation';11.78;0
191;0;'C1842441894';'3';'M';'28007';'M1535107174';'28007';'es_wellnessandbeauty';52.38;0
192;0;'C207576555';'3';'F';'28007';'M348934600';'28007';'es_transportation';31.98;0
193;0;'C334817037';'3';'M';'28007';'M348934600';'28007';'es_transportation';27.98;0
194;0;'C1436756684';'2';'F';'28007';'M692898500';'28007';'es_health';187.62;0
195;0;'C1419246450';'3';'M';'28007';'M1823072687';'28007';'es_transportation';19.23;0
196;0;'C1025104996';'5';'M';'28007';'M1823072687';'28007';'es_transportation';47.82;0
197;0;'C1325638360';'5';'M';'28007';'M348934600';'28007';'es_transportation';28.6;0
198;0;'C655150548';'1';'F';'28007';'M348934600';'28007';'es_transportation';7.06;0
199;0;'C75274383';'4';'M';'28007';'M85975013';'28007';'es_food';49.59;0
200;0;'C357634845';'3';'M';'28007';'M1823072687';'28007';'es_transportation';12.16;0
201;0;'C1394428191';'1';'F';'28007';'M348934600';'28007';'es_transportation';20.96;0
202;0;'C602096181';'1';'F';'28007';'M85975013';'28007';'es_food';36.9;0
203;0;'C1815496848';'2';'M';'28007';'M348934600';'28007';'es_transportation';11.06;0
204;0;'C326482046';'3';'M';'28007';'M1823072687';'28007';'es_transportation';9.59;0
205;0;'C524644424';'4';'M';'28007';'M348934600';'28007';'es_transportation';41.33;0
206;0;'C411345215';'1';'F';'28007';'M348934600';'28007';'es_transportation';25.23;0
207;0;'C447271561';'3';'M';'28007';'M855959430';'28007';'es_hyper';2.09;0
208;0;'C1808964355';'1';'F';'28007';'M348934600';'28007';'es_transportation';3.62;0
209;0;'C1730375460';'2';'F';'28007';'M348934600';'28007';'es_transportation';24.29;0
210;0;'C982406682';'1';'M';'28007';'M1823072687';'28007';'es_transportation';22.84;0
211;0;'C665566426';'3';'F';'28007';'M85975013';'28007';'es_food';40.69;0
212;0;'C395508885';'4';'M';'28007';'M348934600';'28007';'es_transportation';5.31;0
213;0;'C369046885';'4';'M';'28007';'M348934600';'28007';'es_transportation';41.67;0
214;0;'C1445784416';'4';'M';'28007';'M348934600';'28007';'es_transportation';30.57;0
215;0;'C236999052';'1';'M';'28007';'M1823072687';'28007';'es_transportation';8.71;0
216;0;'C1316262830';'1';'F';'28007';'M348934600';'28007';'es_transportation';3.03;0
217;0;'C1935421495';'1';'F';'28007';'M348934600';'28007';'es_transportation';13.72;0
218;0;'C1960866892';'2';'M';'28007';'M855959430';'28007';'es_hyper';22.65;0
219;0;'C677561666';'1';'F';'28007';'M348934600';'28007';'es_transportation';19.73;0
220;0;'C1916796804';'4';'F';'28007';'M348934600';'28007';'es_transportation';33.12;0
221;0;'C1956819896';'2';'M';'28007';'M348934600';'28007';'es_transportation';6.09;0
222;0;'C626836922';'5';'F';'28007';'M348934600';'28007';'es_transportation';37.25;0
223;0;'C526635102';'2';'M';'28007';'M348934600';'28007';'es_transportation';19.97;0
224;0;'C1778762788';'2';'F';'28007';'M349281107';'28007';'es_fashion';15.31;0
225;0;'C427983732';'4';'F';'28007';'M348934600';'28007';'es_transportation';19.19;0
226;0;'C2132111174';'3';'F';'28007';'M348934600';'28007';'es_transportation';48.26;0
227;0;'C991774315';'3';'F';'28007';'M349281107';'28007';'es_fashion';79.71;0
228;0;'C720418898';'3';'M';'28007';'M348934600';'28007';'es_transportation';16.47;0
229;0;'C956954767';'3';'F';'28007';'M348934600';'28007';'es_transportation';54.54;0
230;0;'C1711634686';'3';'F';'28007';'M348934600';'28007';'es_transportation';44.5;0
231;0;'C1711699171';'2';'M';'28007';'M348934600';'28007';'es_transportation';35.39;0
232;0;'C1937615372';'4';'F';'28007';'M85975013';'28007';'es_food';22.42;0
233;0;'C564451627';'3';'F';'28007';'M348934600';'28007';'es_transportation';67.88;0
234;0;'C897057254';'2';'F';'28007';'M348934600';'28007';'es_transportation';4.02;0
235;0;'C1196357413';'3';'F';'28007';'M1823072687';'28007';'es_transportation';11.95;0
236;0;'C203427830';'2';'F';'28007';'M348934600';'28007';'es_transportation';16.6;0
237;0;'C1320820565';'2';'F';'28007';'M348934600';'28007';'es_transportation';61.9;0
238;0;'C1803181641';'2';'M';'28007';'M348934600';'28007';'es_transportation';48.24;0
239;0;'C1723897078';'2';'F';'28007';'M348934600';'28007';'es_transportation';41.98;0
240;0;'C170769685';'4';'M';'28007';'M348934600';'28007';'es_transportation';5.67;0
241;0;'C1710930627';'2';'F';'28007';'M1823072687';'28007';'es_transportation';17.37;0
242;0;'C1468082478';'4';'F';'28007';'M1823072687';'28007';'es_transportation';14.87;0
243;0;'C998690782';'2';'M';'28007';'M85975013';'28007';'es_food';46.88;0
244;0;'C2126019044';'4';'M';'28007';'M348934600';'28007';'es_transportation';2.81;0
245;0;'C296630818';'3';'M';'28007';'M348934600';'28007';'es_transportation';18.25;0
246;0;'C1050458046';'6';'M';'28007';'M348934600';'28007';'es_transportation';8.6;0
247;0;'C1275741147';'3';'F';'28007';'M348934600';'28007';'es_transportation';20.37;0
248;0;'C1264836741';'2';'F';'28007';'M348934600';'28007';'es_transportation';25.95;0
249;0;'C1807259356';'3';'F';'28007';'M348934600';'28007';'es_transportation';62.76;0
250;0;'C108794529';'4';'F';'28007';'M348934600';'28007';'es_transportation';17.36;0
251;0;'C495652708';'2';'M';'28007';'M1823072687';'28007';'es_transportation';71.65;0
252;0;'C1437990673';'2';'F';'28007';'M348934600';'28007';'es_transportation';6.34;0
253;0;'C1959067413';'4';'M';'28007';'M209847108';'28007';'es_wellnessandbeauty';86.09;0
254;0;'C1514973352';'2';'F';'28007';'M348934600';'28007';'es_transportation';28.82;0
255;0;'C741680636';'4';'M';'28007';'M348934600';'28007';'es_transportation';19.55;0
256;0;'C1465698425';'2';'M';'28007';'M2122776122';'28007';'es_home';98.19;0
257;0;'C1452020181';'5';'M';'28007';'M348934600';'28007';'es_transportation';10.41;0
258;0;'C1760986787';'2';'M';'28007';'M85975013';'28007';'es_food';30.92;0
259;0;'C1426006139';'4';'F';'28007';'M348934600';'28007';'es_transportation';22.68;0
260;0;'C179748485';'2';'M';'28007';'M348934600';'28007';'es_transportation';50.9;0
261;0;'C936853935';'3';'M';'28007';'M1823072687';'28007';'es_transportation';49.54;0
262;0;'C1660043980';'3';'F';'28007';'M1823072687';'28007';'es_transportation';38.58;0
263;0;'C1951890364';'3';'F';'28007';'M348934600';'28007';'es_transportation';1.95;0
264;0;'C386205251';'2';'F';'28007';'M1823072687';'28007';'es_transportation';16.4;0
265;0;'C1935661715';'2';'M';'28007';'M348934600';'28007';'es_transportation';4.19;0
266;0;'C294914134';'2';'F';'28007';'M1823072687';'28007';'es_transportation';62.11;0
267;0;'C1999090638';'2';'F';'28007';'M348934600';'28007';'es_transportation';15.84;0
268;0;'C1890250226';'3';'M';'28007';'M348934600';'28007';'es_transportation';31.45;0
269;0;'C1426420214';'1';'M';'28007';'M348934600';'28007';'es_transportation';26.7;0
270;0;'C1687751654';'3';'M';'28007';'M348934600';'28007';'es_transportation';51.36;0
271;0;'C1522289895';'3';'F';'28007';'M348934600';'28007';'es_transportation';21.61;0
272;0;'C873821675';'4';'M';'28007';'M348934600';'28007';'es_transportation';17.76;0
273;0;'C1637357651';'3';'M';'28007';'M151143676';'28007';'es_barsandrestaurants';23.56;0
274;0;'C72452640';'2';'F';'28007';'M348934600';'28007';'es_transportation';15.87;0
275;0;'C800967034';'3';'F';'28007';'M1823072687';'28007';'es_transportation';1.21;0
276;0;'C1223439629';'4';'M';'28007';'M348934600';'28007';'es_transportation';46.29;0
277;0;'C1915603015';'4';'F';'28007';'M348934600';'28007';'es_transportation';21.5;0
278;0;'C1896250849';'1';'M';'28007';'M1823072687';'28007';'es_transportation';31.51;0
279;0;'C1680004438';'2';'F';'28007';'M348934600';'28007';'es_transportation';44.31;0
280;0;'C1276892406';'4';'M';'28007';'M348934600';'28007';'es_transportation';38.26;0
281;0;'C1439470393';'2';'F';'28007';'M1823072687';'28007';'es_transportation';15.49;0
282;0;'C181787207';'3';'M';'28007';'M1873032707';'28007';'es_hotelservices';71.76;0
283;0;'C2063978670';'2';'M';'28007';'M2011752106';'28007';'es_hotelservices';194.59;0
284;0;'C766302474';'4';'F';'28007';'M348934600';'28007';'es_transportation';44.57;0
285;0;'C1913127981';'4';'F';'28007';'M348934600';'28007';'es_transportation';21.21;0
286;0;'C1732752834';'3';'M';'28007';'M348934600';'28007';'es_transportation';24.87;0
287;0;'C1095604325';'1';'F';'28007';'M348934600';'28007';'es_transportation';19.38;0
288;0;'C245019752';'2';'F';'28007';'M348934600';'28007';'es_transportation';55.7;0
289;0;'C954150626';'6';'F';'28007';'M348934600';'28007';'es_transportation';16.78;0
290;0;'C1658315324';'4';'M';'28007';'M348934600';'28007';'es_transportation';31.9;0
291;0;'C1060470494';'2';'F';'28007';'M1823072687';'28007';'es_transportation';31.59;0
292;0;'C1053477622';'2';'M';'28007';'M348934600';'28007';'es_transportation';8.66;0
293;0;'C1571595392';'2';'M';'28007';'M348934600';'28007';'es_transportation';6.21;0
294;0;'C1633477199';'2';'M';'28007';'M348934600';'28007';'es_transportation';57.17;0
295;0;'C1990073844';'4';'M';'28007';'M1823072687';'28007';'es_transportation';24.57;0
296;0;'C1004300450';'4';'M';'28007';'M348934600';'28007';'es_transportation';4.2;0
297;0;'C756645719';'2';'F';'28007';'M348934600';'28007';'es_transportation';26.52;0
298;0;'C1057285507';'5';'M';'28007';'M348934600';'28007';'es_transportation';31.93;0
299;0;'C2144562698';'1';'F';'28007';'M1535107174';'28007';'es_wellnessandbeauty';55.3;0
300;0;'C1475486134';'5';'M';'28007';'M348934600';'28007';'es_transportation';31.14;0
301;0;'C1813956515';'1';'M';'28007';'M1823072687';'28007';'es_transportation';14.36;0
302;0;'C1600642825';'3';'F';'28007';'M1823072687';'28007';'es_transportation';26.93;0
303;0;'C1936855292';'3';'F';'28007';'M348934600';'28007';'es_transportation';19.42;0
304;0;'C1128349548';'2';'F';'28007';'M348934600';'28007';'es_transportation';36.62;0
305;0;'C956414645';'2';'F';'28007';'M348934600';'28007';'es_transportation';1.18;0
306;0;'C1807153148';'4';'F';'28007';'M348934600';'28007';'es_transportation';11.41;0
307;0;'C696052681';'2';'F';'28007';'M348934600';'28007';'es_transportation';16.1;0
308;0;'C173276320';'2';'F';'28007';'M1823072687';'28007';'es_transportation';35.61;0
309;0;'C1161671147';'2';'F';'28007';'M348934600';'28007';'es_transportation';27.32;0
310;0;'C295362058';'4';'M';'28007';'M348934600';'28007';'es_transportation';3.3;0
311;0;'C822689044';'2';'M';'28007';'M348934600';'28007';'es_transportation';28.13;0
312;0;'C1353776547';'6';'M';'28007';'M857378720';'28007';'es_hotelservices';49.0;0
313;0;'C105013970';'3';'M';'28007';'M348934600';'28007';'es_transportation';79.35;0
314;0;'C777971561';'2';'F';'28007';'M1198415165';'28007';'es_wellnessandbeauty';122.26;0
315;0;'C23049140';'5';'F';'28007';'M348934600';'28007';'es_transportation';17.51;0
316;0;'C1991820533';'5';'M';'28007';'M348934600';'28007';'es_transportation';15.72;0
317;0;'C1580025618';'2';'F';'28007';'M348934600';'28007';'es_transportation';61.93;0
318;0;'C713872230';'2';'M';'28007';'M1823072687';'28007';'es_transportation';18.81;0
319;0;'C130295904';'3';'F';'28007';'M348934600';'28007';'es_transportation';38.88;0
320;0;'C1435043122';'5';'M';'28007';'M1823072687';'28007';'es_transportation';33.02;0
321;0;'C1963617384';'2';'F';'28007';'M348934600';'28007';'es_transportation';51.86;0
322;0;'C5191822';'1';'F';'28007';'M1748431652';'28007';'es_wellnessandbeauty';45.19;0
323;0;'C1350793893';'1';'M';'28007';'M209847108';'28007';'es_wellnessandbeauty';60.71;0
324;0;'C359698649';'3';'F';'28007';'M348934600';'28007';'es_transportation';38.78;0
325;0;'C241071592';'2';'M';'28007';'M348934600';'28007';'es_transportation';38.92;0
326;0;'C177123752';'4';'M';'28007';'M348934600';'28007';'es_transportation';11.73;0
327;0;'C1867965524';'4';'M';'28007';'M348934600';'28007';'es_transportation';47.16;0
328;0;'C417912401';'3';'F';'28007';'M348934600';'28007';'es_transportation';40.66;0
329;0;'C862785719';'3';'F';'28007';'M348934600';'28007';'es_transportation';33.62;0
330;0;'C1373973501';'4';'F';'28007';'M1823072687';'28007';'es_transportation';6.58;0
331;0;'C161101673';'2';'M';'28007';'M1823072687';'28007';'es_transportation';26.27;0
332;0;'C1714676783';'3';'M';'28007';'M348934600';'28007';'es_transportation';44.36;0
333;0;'C679458582';'4';'F';'28007';'M348934600';'28007';'es_transportation';23.72;0
334;0;'C656405809';'1';'M';'28007';'M348934600';'28007';'es_transportation';59.78;0
335;0;'C757950779';'6';'M';'28007';'M348934600';'28007';'es_transportation';36.68;0
336;0;'C278501873';'2';'F';'28007';'M348934600';'28007';'es_transportation';29.92;0
337;0;'C812882942';'1';'F';'28007';'M348934600';'28007';'es_transportation';31.64;0
338;0;'C1359606474';'3';'F';'28007';'M348934600';'28007';'es_transportation';20.33;0
339;0;'C456338836';'5';'F';'28007';'M348934600';'28007';'es_transportation';29.03;0
340;0;'C210563051';'3';'M';'28007';'M348934600';'28007';'es_transportation';2.66;0
341;0;'C1891401770';'4';'F';'28007';'M480139044';'28007';'es_health';266.59;0
342;0;'C450548035';'3';'M';'28007';'M348934600';'28007';'es_transportation';20.5;0
343;0;'C1378412230';'2';'F';'28007';'M348934600';'28007';'es_transportation';47.86;0
344;0;'C253956131';'6';'M';'28007';'M1535107174';'28007';'es_wellnessandbeauty';37.43;0
345;0;'C131296547';'2';'M';'28007';'M348934600';'28007';'es_transportation';26.79;0
346;0;'C1082594377';'2';'F';'28007';'M980657600';'28007';'es_sportsandtoys';88.2;0
347;0;'C1076053396';'4';'M';'28007';'M348934600';'28007';'es_transportation';42.58;0
348;0;'C2127479268';'5';'F';'28007';'M348934600';'28007';'es_transportation';18.48;0
349;0;'C1535613790';'3';'M';'28007';'M1823072687';'28007';'es_transportation';35.89;0
350;0;'C227186054';'6';'F';'28007';'M348934600';'28007';'es_transportation';46.19;0
351;0;'C1701338775';'5';'F';'28007';'M348934600';'28007';'es_transportation';60.05;0
352;0;'C74848504';'3';'F';'28007';'M1823072687';'28007';'es_transportation';29.1;0
353;0;'C1902104464';'6';'F';'28007';'M348934600';'28007';'es_transportation';44.51;0
354;0;'C64700533';'3';'F';'28007';'M348934600';'28007';'es_transportation';12.53;0
355;0;'C1996249538';'2';'M';'28007';'M85975013';'28007';'es_food';35.23;0
356;0;'C2704357';'4';'F';'28007';'M348934600';'28007';'es_transportation';3.92;0
357;0;'C77017704';'2';'F';'28007';'M348934600';'28007';'es_transportation';23.03;0
358;0;'C1988025089';'2';'F';'28007';'M348934600';'28007';'es_transportation';28.91;0
359;0;'C1559091388';'4';'F';'28007';'M348934600';'28007';'es_transportation';48.62;0
360;0;'C1807567788';'4';'M';'28007';'M1823072687';'28007';'es_transportation';24.31;0
361;0;'C1216409727';'3';'F';'28007';'M348934600';'28007';'es_transportation';30.78;0
362;0;'C1862556322';'3';'F';'28007';'M348934600';'28007';'es_transportation';14.35;0
363;0;'C251602943';'2';'F';'28007';'M348934600';'28007';'es_transportation';22.14;0
364;0;'C566582492';'3';'M';'28007';'M348934600';'28007';'es_transportation';28.63;0
365;0;'C1693925346';'4';'F';'28007';'M348934600';'28007';'es_transportation';88.54;0
366;0;'C286580355';'6';'M';'28007';'M348934600';'28007';'es_transportation';18.53;0
367;0;'C1214229415';'4';'F';'28007';'M348934600';'28007';'es_transportation';98.35;0
368;0;'C344259725';'3';'M';'28007';'M348934600';'28007';'es_transportation';16.1;0
369;0;'C1022530210';'4';'M';'28007';'M348934600';'28007';'es_transportation';37.95;0
370;0;'C1658591237';'1';'M';'28007';'M348934600';'28007';'es_transportation';25.28;0
371;0;'C324333692';'4';'F';'28007';'M348934600';'28007';'es_transportation';12.27;0
372;0;'C1266329800';'4';'F';'28007';'M348934600';'28007';'es_transportation';55.1;0
373;0;'C1952109278';'1';'M';'28007';'M348934600';'28007';'es_transportation';0.61;0
374;0;'C1457092141';'2';'F';'28007';'M348934600';'28007';'es_transportation';4.39;0
375;0;'C2038018161';'2';'M';'28007';'M348934600';'28007';'es_transportation';20.93;0
376;0;'C1390331883';'2';'F';'28007';'M151143676';'28007';'es_barsandrestaurants';49.65;0
377;0;'C2131498052';'5';'M';'28007';'M1352454843';'28007';'es_hotelservices';71.0;0
378;0;'C106333716';'3';'F';'28007';'M348934600';'28007';'es_transportation';42.8;0
379;0;'C1635987808';'5';'F';'28007';'M348934600';'28007';'es_transportation';5.35;0
380;0;'C2038979642';'3';'F';'28007';'M1823072687';'28007';'es_transportation';32.86;0
381;0;'C1525483242';'3';'M';'28007';'M1823072687';'28007';'es_transportation';46.0;0
382;0;'C1615196201';'1';'F';'28007';'M348934600';'28007';'es_transportation';31.74;0
383;0;'C1129111658';'5';'F';'28007';'M348934600';'28007';'es_transportation';25.88;0
384;0;'C529768403';'6';'F';'28007';'M348934600';'28007';'es_transportation';6.28;0
385;0;'C1360225709';'5';'F';'28007';'M855959430';'28007';'es_hyper';61.75;0
386;0;'C193924578';'4';'F';'28007';'M1823072687';'28007';'es_transportation';52.47;0
387;0;'C344248234';'2';'M';'28007';'M348934600';'28007';'es_transportation';16.91;0
388;0;'C612357573';'6';'M';'28007';'M348934600';'28007';'es_transportation';2.53;0
389;0;'C823891015';'2';'F';'28007';'M348934600';'28007';'es_transportation';50.36;0
390;0;'C1452354279';'3';'M';'28007';'M348934600';'28007';'es_transportation';8.02;0
391;0;'C601235628';'4';'F';'28007';'M1823072687';'28007';'es_transportation';19.46;0
392;0;'C1763371495';'2';'F';'28007';'M348934600';'28007';'es_transportation';15.97;0
393;0;'C381250974';'2';'F';'28007';'M348934600';'28007';'es_transportation';32.55;0
394;0;'C1459624061';'4';'F';'28007';'M348934600';'28007';'es_transportation';35.56;0
395;0;'C1457264318';'3';'F';'28007';'M1823072687';'28007';'es_transportation';9.17;0
396;0;'C2057462116';'1';'M';'28007';'M348934600';'28007';'es_transportation';10.42;0
397;0;'C1296664552';'3';'M';'28007';'M855959430';'28007';'es_hyper';49.3;0
398;0;'C1939349733';'2';'M';'28007';'M348934600';'28007';'es_transportation';29.36;0
399;0;'C1784864427';'5';'M';'28007';'M348934600';'28007';'es_transportation';36.9;0
400;0;'C448612141';'3';'M';'28007';'M348934600';'28007';'es_transportation';26.78;0
401;0;'C1519265307';'5';'F';'28007';'M348934600';'28007';'es_transportation';23.05;0
402;0;'C734817849';'2';'M';'28007';'M348934600';'28007';'es_transportation';31.42;0
403;0;'C742784538';'3';'M';'28007';'M1823072687';'28007';'es_transportation';16.17;0
404;0;'C1230747575';'3';'M';'28007';'M855959430';'28007';'es_hyper';15.26;0
405;0;'C752270622';'1';'F';'28007';'M348934600';'28007';'es_transportation';13.96;0
406;0;'C1920284556';'2';'F';'28007';'M348934600';'28007';'es_transportation';17.37;0
407;0;'C965952231';'5';'M';'28007';'M348934600';'28007';'es_transportation';2.04;0
408;0;'C837031785';'3';'F';'28007';'M348934600';'28007';'es_transportation';6.43;0
409;0;'C1667929755';'3';'F';'28007';'M1823072687';'28007';'es_transportation';12.85;0
410;0;'C33469777';'1';'M';'28007';'M348934600';'28007';'es_transportation';10.28;0
411;0;'C1807765388';'3';'F';'28007';'M348934600';'28007';'es_transportation';23.67;0
412;0;'C1918953803';'2';'F';'28007';'M348934600';'28007';'es_transportation';11.44;0
413;0;'C1352750459';'6';'M';'28007';'M348934600';'28007';'es_transportation';11.76;0
414;0;'C1051712338';'4';'M';'28007';'M348934600';'28007';'es_transportation';23.93;0
415;0;'C399061526';'2';'F';'28007';'M1823072687';'28007';'es_transportation';2.1;0
416;0;'C1108967401';'1';'M';'28007';'M348934600';'28007';'es_transportation';9.25;0
417;0;'C1782998558';'3';'F';'28007';'M348934600';'28007';'es_transportation';21.04;0
418;0;'C1089903335';'3';'M';'28007';'M348934600';'28007';'es_transportation';12.82;0
419;0;'C1591441443';'6';'M';'28007';'M85975013';'28007';'es_food';19.05;0
420;0;'C1080719046';'3';'M';'28007';'M348934600';'28007';'es_transportation';10.88;0
421;0;'C151715772';'3';'F';'28007';'M348934600';'28007';'es_transportation';25.22;0
422;0;'C1731135780';'2';'M';'28007';'M348934600';'28007';'es_transportation';13.44;0
423;0;'C1556912476';'3';'F';'28007';'M348934600';'28007';'es_transportation';42.69;0
424;0;'C108266856';'3';'F';'28007';'M1823072687';'28007';'es_transportation';55.84;0
425;0;'C1656440641';'2';'M';'28007';'M348934600';'28007';'es_transportation';41.79;0
426;0;'C138375181';'5';'F';'28007';'M855959430';'28007';'es_hyper';69.65;0
427;0;'C1200227736';'2';'M';'28007';'M348934600';'28007';'es_transportation';0.3;0
428;0;'C171345183';'3';'F';'28007';'M348934600';'28007';'es_transportation';12.61;0
429;0;'C139784508';'2';'M';'28007';'M1823072687';'28007';'es_transportation';6.18;0
430;0;'C1568308501';'3';'M';'28007';'M348934600';'28007';'es_transportation';27.67;0
431;0;'C951689990';'3';'F';'28007';'M348934600';'28007';'es_transportation';44.8;0
432;0;'C1944210063';'3';'M';'28007';'M348934600';'28007';'es_transportation';27.85;0
433;0;'C1657925669';'3';'F';'28007';'M348934600';'28007';'es_transportation';34.31;0
434;0;'C1160421902';'3';'M';'28007';'M857378720';'28007';'es_hotelservices';176.32;1
435;0;'C966214713';'3';'M';'28007';'M857378720';'28007';'es_hotelservices';337.41;1
436;0;'C57136184';'6';'F';'28007';'M348934600';'28007';'es_transportation';15.99;0
437;0;'C494777408';'2';'M';'28007';'M348934600';'28007';'es_transportation';19.39;0
438;0;'C1089848865';'3';'F';'28007';'M348934600';'28007';'es_transportation';28.32;0
439;0;'C19820082';'5';'F';'28007';'M348934600';'28007';'es_transportation';11.03;0
440;0;'C1643499361';'4';'M';'28007';'M1823072687';'28007';'es_transportation';4.88;0
441;0;'C956700475';'4';'F';'28007';'M348934600';'28007';'es_transportation';29.93;0
442;0;'C914285365';'4';'M';'28007';'M348934600';'28007';'es_transportation';54.17;0
443;0;'C1341517098';'4';'F';'28007';'M348934600';'28007';'es_transportation';18.54;0
444;0;'C956898918';'2';'F';'28007';'M348934600';'28007';'es_transportation';24.44;0
445;0;'C563130428';'3';'M';'28007';'M348934600';'28007';'es_transportation';25.85;0
446;0;'C1017469037';'2';'M';'28007';'M348934600';'28007';'es_transportation';8.06;0
447;0;'C286547187';'2';'M';'28007';'M348934600';'28007';'es_transportation';6.35;0
448;0;'C1689083890';'2';'F';'28007';'M85975013';'28007';'es_food';47.44;0
449;0;'C966984015';'4';'M';'28007';'M348934600';'28007';'es_transportation';38.32;0
450;0;'C356873706';'3';'M';'28007';'M1823072687';'28007';'es_transportation';13.79;0
451;0;'C1905402681';'1';'M';'28007';'M348934600';'28007';'es_transportation';1.51;0
452;0;'C715527139';'1';'M';'28007';'M480139044';'28007';'es_health';44.14;0
453;0;'C1154631581';'5';'M';'28007';'M348934600';'28007';'es_transportation';37.67;0
454;0;'C1913314890';'3';'F';'28007';'M348934600';'28007';'es_transportation';25.3;0
455;0;'C2110568911';'2';'F';'28007';'M348934600';'28007';'es_transportation';57.26;0
456;0;'C856318696';'2';'F';'28007';'M348934600';'28007';'es_transportation';54.22;0
457;0;'C566232847';'3';'M';'28007';'M348934600';'28007';'es_transportation';16.42;0
458;0;'C1756466427';'4';'M';'28007';'M348934600';'28007';'es_transportation';16.47;0
459;0;'C2026269026';'3';'M';'28007';'M1198415165';'28007';'es_wellnessandbeauty';40.31;0
460;0;'C843090653';'4';'F';'28007';'M855959430';'28007';'es_hyper';57.28;0
461;0;'C475340225';'2';'M';'28007';'M1823072687';'28007';'es_transportation';6.01;0
462;0;'C1102464953';'4';'F';'28007';'M348934600';'28007';'es_transportation';6.63;0
463;0;'C755000520';'2';'F';'28007';'M348934600';'28007';'es_transportation';44.27;0
464;0;'C385721880';'2';'M';'28007';'M1823072687';'28007';'es_transportation';2.93;0
465;0;'C1969430351';'3';'M';'28007';'M85975013';'28007';'es_food';6.92;0
466;0;'C1817318774';'2';'F';'28007';'M980657600';'28007';'es_sportsandtoys';106.29;0
467;0;'C2075935351';'U';'E';'28007';'M1823072687';'28007';'es_transportation';21.25;0
468;0;'C862267590';'4';'M';'28007';'M348934600';'28007';'es_transportation';33.28;0
469;0;'C1799527037';'2';'M';'28007';'M855959430';'28007';'es_hyper';19.21;0
470;0;'C26045684';'4';'F';'28007';'M348934600';'28007';'es_transportation';15.34;0
471;0;'C1803364571';'5';'M';'28007';'M348934600';'28007';'es_transportation';27.81;0
472;0;'C2145933360';'5';'F';'28007';'M348934600';'28007';'es_transportation';57.79;0
473;0;'C126488680';'4';'M';'28007';'M348934600';'28007';'es_transportation';11.34;0
474;0;'C635222317';'3';'F';'28007';'M348934600';'28007';'es_transportation';54.83;0
475;0;'C1070471979';'3';'M';'28007';'M85975013';'28007';'es_food';44.77;0
476;0;'C1854104284';'2';'F';'28007';'M348934600';'28007';'es_transportation';29.94;0
477;0;'C2086664398';'2';'F';'28007';'M85975013';'28007';'es_food';1.6;0
478;0;'C1615671416';'6';'F';'28007';'M348934600';'28007';'es_transportation';17.74;0
479;0;'C1767072624';'2';'F';'28007';'M348934600';'28007';'es_transportation';50.91;0
480;0;'C856674856';'2';'F';'28007';'M348934600';'28007';'es_transportation';31.34;0
481;0;'C1688605578';'3';'M';'28007';'M348934600';'28007';'es_transportation';13.09;0
482;0;'C845102514';'4';'M';'28007';'M85975013';'28007';'es_food';13.85;0
483;0;'C1259760240';'2';'F';'28007';'M348934600';'28007';'es_transportation';7.11;0
484;0;'C723509264';'4';'F';'28007';'M2122776122';'28007';'es_home';54.59;0
485;0;'C918296398';'2';'F';'28007';'M348934600';'28007';'es_transportation';10.09;0
486;0;'C1769401317';'3';'M';'28007';'M348934600';'28007';'es_transportation';41.78;0
487;0;'C1962407385';'2';'M';'28007';'M348934600';'28007';'es_transportation';22.11;0
488;0;'C841616397';'2';'M';'28007';'M85975013';'28007';'es_food';7.44;0
489;0;'C74457300';'1';'F';'28007';'M348934600';'28007';'es_transportation';13.16;0
490;0;'C364273844';'3';'F';'28007';'M348934600';'28007';'es_transportation';66.22;0
491;0;'C1475799889';'3';'F';'28007';'M348934600';'28007';'es_transportation';27.57;0
492;0;'C955592184';'2';'F';'28007';'M348934600';'28007';'es_transportation';22.75;0
493;0;'C1395098424';'2';'F';'28007';'M348934600';'28007';'es_transportation';2.55;0
494;0;'C1104044396';'1';'M';'28007';'M348934600';'28007';'es_transportation';48.41;0
495;0;'C1197304790';'3';'M';'28007';'M1352454843';'28007';'es_hotelservices';90.3;0
496;0;'C532118459';'3';'F';'28007';'M348934600';'28007';'es_transportation';37.58;0
497;0;'C1419235351';'4';'M';'28007';'M348934600';'28007';'es_transportation';5.18;0
498;0;'C395508103';'2';'F';'28007';'M855959430';'28007';'es_hyper';18.19;0
499;0;'C927766810';'3';'F';'28007';'M348934600';'28007';'es_transportation';2.74;0
500;0;'C1081944543';'4';'F';'28007';'M348934600';'28007';'es_transportation';32.71;0
501;0;'C662396672';'2';'M';'28007';'M348934600';'28007';'es_transportation';37.73;0
502;0;'C1741615821';'3';'M';'28007';'M348934600';'28007';'es_transportation';16.1;0
503;0;'C1731249040';'1';'F';'28007';'M348934600';'28007';'es_transportation';30.86;0
504;0;'C743791359';'3';'F';'28007';'M348934600';'28007';'es_transportation';2.49;0
505;0;'C1975714155';'5';'F';'28007';'M1823072687';'28007';'es_transportation';46.01;0
506;0;'C1067134113';'4';'F';'28007';'M1823072687';'28007';'es_transportation';16.44;0
507;0;'C560376591';'2';'F';'28007';'M348934600';'28007';'es_transportation';10.99;0
508;0;'C399875163';'2';'M';'28007';'M348934600';'28007';'es_transportation';1.47;0
509;0;'C1872482068';'4';'M';'28007';'M348934600';'28007';'es_transportation';14.89;0
510;0;'C2084449024';'4';'F';'28007';'M348934600';'28007';'es_transportation';25.36;0
511;0;'C75208519';'2';'M';'28007';'M348934600';'28007';'es_transportation';47.45;0
512;0;'C1040980271';'3';'M';'28007';'M348934600';'28007';'es_transportation';9.57;0
513;0;'C1486017704';'3';'F';'28007';'M348934600';'28007';'es_transportation';43.42;0
514;0;'C671449181';'3';'F';'28007';'M1198415165';'28007';'es_wellnessandbeauty';38.48;0
515;0;'C401828466';'3';'M';'28007';'M348934600';'28007';'es_transportation';5.18;0
516;0;'C484268062';'3';'F';'28007';'M348934600';'28007';'es_transportation';23.75;0
517;0;'C801383032';'3';'M';'28007';'M151143676';'28007';'es_barsandrestaurants';98.44;0
518;0;'C69317479';'3';'F';'28007';'M1823072687';'28007';'es_transportation';39.67;0
519;0;'C745099746';'3';'F';'28007';'M348934600';'28007';'es_transportation';53.78;0
520;0;'C1862384239';'4';'M';'28007';'M117188757';'28007';'es_home';87.51;0
521;0;'C125143024';'5';'M';'28007';'M348934600';'28007';'es_transportation';12.03;0
522;0;'C676229147';'2';'M';'28007';'M348934600';'28007';'es_transportation';23.14;0
523;0;'C1303935849';'2';'M';'28007';'M348934600';'28007';'es_transportation';26.04;0
524;0;'C861479162';'3';'F';'28007';'M348934600';'28007';'es_transportation';30.35;0
525;0;'C534961358';'2';'F';'28007';'M348934600';'28007';'es_transportation';28.69;0
526;0;'C582688427';'5';'M';'28007';'M348934600';'28007';'es_transportation';14.13;0
527;0;'C1532733169';'3';'M';'28007';'M348934600';'28007';'es_transportation';2.07;0
528;0;'C1299474405';'4';'F';'28007';'M348934600';'28007';'es_transportation';26.77;0
529;0;'C164104645';'5';'F';'28007';'M1823072687';'28007';'es_transportation';9.7;0
530;0;'C1090528803';'3';'F';'28007';'M348934600';'28007';'es_transportation';34.28;0
531;0;'C1179217322';'5';'F';'28007';'M85975013';'28007';'es_food';63.22;0
532;0;'C1967337226';'4';'M';'28007';'M1823072687';'28007';'es_transportation';26.95;0
533;0;'C737765767';'2';'F';'28007';'M840466850';'28007';'es_tech';247.76;0
534;0;'C1750362802';'5';'M';'28007';'M348934600';'28007';'es_transportation';57.23;0
535;0;'C338406777';'3';'F';'28007';'M348934600';'28007';'es_transportation';37.29;0
536;0;'C2078039202';'4';'M';'28007';'M1535107174';'28007';'es_wellnessandbeauty';33.78;0
537;0;'C1234264195';'5';'F';'28007';'M348934600';'28007';'es_transportation';40.93;0
538;0;'C1882101149';'4';'M';'28007';'M348934600';'28007';'es_transportation';39.26;0
539;0;'C2125787399';'4';'F';'28007';'M348934600';'28007';'es_transportation';17.19;0
540;0;'C1027777422';'2';'M';'28007';'M348934600';'28007';'es_transportation';16.05;0
541;0;'C723171448';'4';'M';'28007';'M1823072687';'28007';'es_transportation';39.06;0
542;0;'C483009385';'3';'F';'28007';'M348934600';'28007';'es_transportation';34.43;0
543;0;'C175698222';'2';'F';'28007';'M1823072687';'28007';'es_transportation';39.74;0
544;0;'C310751417';'2';'F';'28007';'M1823072687';'28007';'es_transportation';37.12;0
545;0;'C1731138845';'2';'F';'28007';'M348934600';'28007';'es_transportation';49.05;0
546;0;'C488606576';'2';'F';'28007';'M348934600';'28007';'es_transportation';47.71;0
547;0;'C1627004719';'5';'F';'28007';'M348934600';'28007';'es_transportation';43.65;0
548;0;'C521087514';'4';'F';'28007';'M348934600';'28007';'es_transportation';9.54;0
549;0;'C1812702959';'3';'F';'28007';'M348934600';'28007';'es_transportation';55.17;0
550;0;'C1810630647';'2';'F';'28007';'M1053599405';'28007';'es_health';105.54;0
551;0;'C96407618';'4';'F';'28007';'M348934600';'28007';'es_transportation';1.74;0
552;0;'C1965496749';'3';'F';'28007';'M348934600';'28007';'es_transportation';4.0;0
553;0;'C1450140987';'4';'F';'28007';'M1198415165';'28007';'es_wellnessandbeauty';220.11;1
554;0;'C60026962';'2';'F';'28007';'M1198415165';'28007';'es_wellnessandbeauty';4.32;0
555;0;'C476313806';'5';'F';'28007';'M348934600';'28007';'es_transportation';12.43;0
556;0;'C826715503';'5';'M';'28007';'M348934600';'28007';'es_transportation';9.96;0
557;0;'C58324694';'3';'F';'28007';'M1823072687';'28007';'es_transportation';25.62;0
558;0;'C281474709';'5';'F';'28007';'M348934600';'28007';'es_transportation';21.7;0
559;0;'C869954068';'3';'F';'28007';'M151143676';'28007';'es_barsandrestaurants';65.69;0
560;0;'C168191673';'1';'F';'28007';'M1823072687';'28007';'es_transportation';60.42;0
561;0;'C1494829095';'3';'F';'28007';'M348934600';'28007';'es_transportation';39.78;0
562;0;'C1761368684';'1';'F';'28007';'M348934600';'28007';'es_transportation';29.18;0
563;0;'C183270065';'0';'F';'28007';'M348934600';'28007';'es_transportation';22.82;0
564;0;'C747353905';'2';'M';'28007';'M348934600';'28007';'es_transportation';3.17;0
565;0;'C1415998962';'2';'F';'28007';'M1823072687';'28007';'es_transportation';26.57;0
566;0;'C1158738757';'3';'M';'28007';'M348934600';'28007';'es_transportation';17.37;0
567;0;'C1597289593';'4';'F';'28007';'M348934600';'28007';'es_transportation';10.2;0
568;0;'C1340235335';'3';'F';'28007';'M348934600';'28007';'es_transportation';37.29;0
569;0;'C90085212';'1';'M';'28007';'M348934600';'28007';'es_transportation';4.14;0
570;0;'C150273597';'4';'M';'28007';'M1823072687';'28007';'es_transportation';23.07;0
571;0;'C1238755034';'4';'M';'28007';'M348934600';'28007';'es_transportation';64.01;0
572;0;'C245908628';'3';'M';'28007';'M348934600';'28007';'es_transportation';22.81;0
573;0;'C1740004679';'3';'F';'28007';'M348934600';'28007';'es_transportation';33.33;0
574;0;'C320437746';'3';'F';'28007';'M1823072687';'28007';'es_transportation';14.7;0
575;0;'C1960297159';'2';'F';'28007';'M348934600';'28007';'es_transportation';0.88;0
576;0;'C1078619612';'6';'F';'28007';'M348934600';'28007';'es_transportation';8.59;0
577;0;'C1641760998';'5';'F';'28007';'M348934600';'28007';'es_transportation';36.18;0
578;0;'C616528518';'4';'F';'28007';'M349281107';'28007';'es_fashion';6.21;0
579;0;'C300052027';'1';'F';'28007';'M348934600';'28007';'es_transportation';43.33;0
580;0;'C881073190';'2';'F';'28007';'M1823072687';'28007';'es_transportation';12.92;0
581;0;'C213197624';'4';'F';'28007';'M348934600';'28007';'es_transportation';19.45;0
582;0;'C1899748276';'5';'F';'28007';'M348934600';'28007';'es_transportation';20.56;0
583;0;'C1911281701';'2';'M';'28007';'M348934600';'28007';'es_transportation';3.84;0
584;0;'C192974759';'1';'F';'28007';'M1741626453';'28007';'es_sportsandtoys';1.22;0
585;0;'C299858046';'2';'F';'28007';'M348934600';'28007';'es_transportation';33.94;0
586;0;'C885208928';'1';'U';'28007';'M348934600';'28007';'es_transportation';28.57;0
587;0;'C2112563194';'2';'F';'28007';'M348934600';'28007';'es_transportation';10.75;0
588;0;'C1970738826';'4';'M';'28007';'M348934600';'28007';'es_transportation';0.34;0
589;0;'C735039923';'3';'F';'28007';'M348934600';'28007';'es_transportation';3.8;0
590;0;'C1449000407';'2';'M';'28007';'M348934600';'28007';'es_transportation';31.02;0
591;0;'C1681589600';'2';'F';'28007';'M1823072687';'28007';'es_transportation';7.56;0
592;0;'C1598564853';'2';'M';'28007';'M348934600';'28007';'es_transportation';20.49;0
593;0;'C331622323';'4';'F';'28007';'M1823072687';'28007';'es_transportation';37.84;0
594;0;'C1611113200';'6';'M';'28007';'M348934600';'28007';'es_transportation';15.35;0
595;0;'C2027052970';'5';'M';'28007';'M348934600';'28007';'es_transportation';29.82;0
596;0;'C1388933025';'2';'F';'28007';'M1823072687';'28007';'es_transportation';65.41;0
597;0;'C1847111025';'3';'M';'28007';'M348934600';'28007';'es_transportation';16.47;0
598;0;'C1557448880';'4';'M';'28007';'M348934600';'28007';'es_transportation';69.95;0
599;0;'C651594350';'3';'M';'28007';'M348934600';'28007';'es_transportation';64.03;0
600;0;'C205797331';'4';'F';'28007';'M1823072687';'28007';'es_transportation';54.21;0
601;0;'C817389751';'5';'F';'28007';'M1823072687';'28007';'es_transportation';49.89;0
602;0;'C1005126300';'4';'F';'28007';'M348934600';'28007';'es_transportation';16.66;0
603;0;'C1466730207';'4';'F';'28007';'M547558035';'28007';'es_fashion';46.45;0
604;0;'C1685492470';'2';'F';'28007';'M980657600';'28007';'es_sportsandtoys';278.02;1
605;0;'C1275518867';'5';'F';'28007';'M980657600';'28007';'es_sportsandtoys';69.53;0
606;0;'C1314174420';'2';'M';'28007';'M348934600';'28007';'es_transportation';2.11;0
607;0;'C913863966';'6';'M';'28007';'M348934600';'28007';'es_transportation';25.74;0
608;0;'C1396904959';'3';'M';'28007';'M348934600';'28007';'es_transportation';9.17;0
609;0;'C119537158';'4';'F';'28007';'M348934600';'28007';'es_transportation';34.73;0
610;0;'C416536713';'2';'F';'28007';'M348934600';'28007';'es_transportation';5.37;0
611;0;'C1783610571';'2';'F';'28007';'M348934600';'28007';'es_transportation';0.14;0
612;0;'C47208933';'4';'F';'28007';'M348934600';'28007';'es_transportation';15.8;0
613;0;'C261398093';'3';'F';'28007';'M348934600';'28007';'es_transportation';5.11;0
614;0;'C607521473';'2';'M';'28007';'M348934600';'28007';'es_transportation';42.9;0
615;0;'C1734879586';'1';'F';'28007';'M348934600';'28007';'es_transportation';14.29;0
616;0;'C1886601622';'3';'M';'28007';'M348934600';'28007';'es_transportation';25.15;0
617;0;'C394469483';'3';'M';'28007';'M348934600';'28007';'es_transportation';5.47;0
618;0;'C1461774305';'3';'F';'28007';'M348934600';'28007';'es_transportation';6.83;0
619;0;'C1614239388';'2';'M';'28007';'M1823072687';'28007';'es_transportation';31.16;0
620;0;'C1643168823';'1';'F';'28007';'M1823072687';'28007';'es_transportation';13.04;0
621;0;'C225675370';'4';'M';'28007';'M840466850';'28007';'es_tech';35.85;0
622;0;'C196806031';'3';'F';'28007';'M348934600';'28007';'es_transportation';11.68;0
623;0;'C393216567';'5';'F';'28007';'M151143676';'28007';'es_barsandrestaurants';17.19;0
624;0;'C2115574807';'5';'F';'28007';'M348934600';'28007';'es_transportation';15.79;0
625;0;'C1632932485';'1';'M';'28007';'M348934600';'28007';'es_transportation';32.62;0
626;0;'C576453501';'4';'M';'28007';'M1823072687';'28007';'es_transportation';11.99;0
627;0;'C612005121';'3';'F';'28007';'M348934600';'28007';'es_transportation';32.96;0
628;0;'C688041542';'2';'M';'28007';'M1823072687';'28007';'es_transportation';21.39;0
629;0;'C1346358504';'1';'M';'28007';'M348934600';'28007';'es_transportation';27.16;0
630;0;'C1304285526';'5';'F';'28007';'M348934600';'28007';'es_transportation';30.33;0
631;0;'C1882920635';'2';'M';'28007';'M348934600';'28007';'es_transportation';19.66;0
632;0;'C46234453';'3';'F';'28007';'M348934600';'28007';'es_transportation';7.45;0
633;0;'C2037169176';'1';'F';'28007';'M348934600';'28007';'es_transportation';21.23;0
634;0;'C1293338142';'4';'F';'28007';'M348934600';'28007';'es_transportation';13.21;0
635;0;'C1783206868';'5';'F';'28007';'M1823072687';'28007';'es_transportation';19.36;0
636;0;'C1542255731';'2';'F';'28007';'M1823072687';'28007';'es_transportation';39.11;0
637;0;'C803065678';'1';'M';'28007';'M348934600';'28007';'es_transportation';7.67;0
638;0;'C1355010178';'2';'F';'28007';'M1823072687';'28007';'es_transportation';6.17;0
639;0;'C1416816772';'2';'F';'28007';'M348934600';'28007';'es_transportation';38.69;0
640;0;'C78938440';'3';'M';'28007';'M348934600';'28007';'es_transportation';58.61;0
641;0;'C108940648';'2';'F';'28007';'M1823072687';'28007';'es_transportation';0.79;0
642;0;'C545527660';'1';'F';'28007';'M348934600';'28007';'es_transportation';28.97;0
643;0;'C394979408';'4';'F';'28007';'M348934600';'28007';'es_transportation';33.3;0
644;0;'C707326919';'2';'M';'28007';'M1823072687';'28007';'es_transportation';0.18;0
645;0;'C719205737';'3';'F';'28007';'M85975013';'28007';'es_food';45.0;0
646;0;'C746862122';'3';'M';'28007';'M348934600';'28007';'es_transportation';73.77;0
647;0;'C449262890';'2';'M';'28007';'M1823072687';'28007';'es_transportation';23.79;0
648;0;'C800379810';'2';'F';'28007';'M348934600';'28007';'es_transportation';44.47;0
649;0;'C1342037956';'5';'F';'28007';'M348934600';'28007';'es_transportation';3.26;0
650;0;'C782199851';'2';'F';'28007';'M348934600';'28007';'es_transportation';33.18;0
651;0;'C1181615831';'3';'M';'28007';'M17379832';'28007';'es_sportsandtoys';10.64;1
652;0;'C1560259762';'3';'F';'28007';'M480139044';'28007';'es_health';248.42;0
653;0;'C895429374';'2';'F';'28007';'M348934600';'28007';'es_transportation';17.73;0
654;0;'C986156699';'3';'F';'28007';'M348934600';'28007';'es_transportation';20.18;0
655;0;'C354098761';'2';'F';'28007';'M348934600';'28007';'es_transportation';27.57;0
656;0;'C1926972512';'3';'F';'28007';'M348934600';'28007';'es_transportation';4.46;0
657;0;'C2005671734';'2';'F';'28007';'M348934600';'28007';'es_transportation';3.69;0
658;0;'C440111595';'2';'F';'28007';'M1823072687';'28007';'es_transportation';54.02;0
659;0;'C1256908044';'3';'F';'28007';'M348934600';'28007';'es_transportation';24.35;0
660;0;'C326815335';'1';'F';'28007';'M348934600';'28007';'es_transportation';5.28;0
661;0;'C578700012';'4';'F';'28007';'M348934600';'28007';'es_transportation';33.27;0
662;0;'C11453786';'3';'M';'28007';'M348934600';'28007';'es_transportation';63.23;0
663;0;'C479535332';'5';'F';'28007';'M348934600';'28007';'es_transportation';2.56;0
664;0;'C874212917';'2';'F';'28007';'M348934600';'28007';'es_transportation';44.88;0
665;0;'C50049566';'2';'F';'28007';'M1823072687';'28007';'es_transportation';7.23;0
666;0;'C1355273346';'3';'F';'28007';'M348934600';'28007';'es_transportation';32.63;0
667;0;'C1256073744';'3';'M';'28007';'M1823072687';'28007';'es_transportation';11.42;0
668;0;'C885081673';'3';'M';'28007';'M85975013';'28007';'es_food';51.96;0
669;0;'C2126946323';'2';'F';'28007';'M348934600';'28007';'es_transportation';11.69;0
670;0;'C1882290962';'2';'F';'28007';'M692898500';'28007';'es_health';237.48;0
671;0;'C659009992';'5';'M';'28007';'M348934600';'28007';'es_transportation';37.16;0
672;0;'C1379018843';'5';'M';'28007';'M348934600';'28007';'es_transportation';1.96;0
673;0;'C320158645';'2';'M';'28007';'M348934600';'28007';'es_transportation';12.83;0
674;0;'C475831512';'2';'F';'28007';'M1823072687';'28007';'es_transportation';38.2;0
675;0;'C1156885344';'4';'M';'28007';'M348934600';'28007';'es_transportation';20.92;0
676;0;'C432013067';'1';'M';'28007';'M348934600';'28007';'es_transportation';37.59;0
677;0;'C813128680';'2';'M';'28007';'M348934600';'28007';'es_transportation';13.43;0
678;0;'C693174391';'3';'F';'28007';'M1823072687';'28007';'es_transportation';38.89;0
679;0;'C1524407626';'1';'M';'28007';'M348934600';'28007';'es_transportation';26.68;0
680;0;'C1072577677';'3';'F';'28007';'M348934600';'28007';'es_transportation';18.4;0
681;0;'C394488921';'5';'F';'28007';'M980657600';'28007';'es_sportsandtoys';21.56;1
682;0;'C24198147';'5';'M';'28007';'M151143676';'28007';'es_barsandrestaurants';58.18;0
683;0;'C1899001756';'2';'M';'28007';'M85975013';'28007';'es_food';31.59;0
684;0;'C1541224095';'2';'F';'28007';'M1823072687';'28007';'es_transportation';40.67;0
685;0;'C122290547';'3';'M';'28007';'M1649169323';'28007';'es_sportsandtoys';11.88;0
686;0;'C56197730';'2';'M';'28007';'M348934600';'28007';'es_transportation';39.46;0
687;0;'C1940951230';'2';'F';'28007';'M348934600';'28007';'es_transportation';73.59;0
688;0;'C1983995504';'2';'F';'28007';'M348934600';'28007';'es_transportation';11.5;0
689;0;'C668289079';'5';'F';'28007';'M348934600';'28007';'es_transportation';2.03;0
690;0;'C1838948302';'1';'M';'28007';'M1352454843';'28007';'es_hotelservices';1.89;0
691;0;'C47376492';'3';'M';'28007';'M1823072687';'28007';'es_transportation';30.88;0
692;0;'C1382187685';'1';'F';'28007';'M855959430';'28007';'es_hyper';19.86;0
693;0;'C170484334';'1';'M';'28007';'M348934600';'28007';'es_transportation';30.07;0
694;0;'C296571542';'2';'F';'28007';'M348934600';'28007';'es_transportation';36.11;0
695;0;'C1728647108';'2';'M';'28007';'M348934600';'28007';'es_transportation';25.73;0
696;0;'C1624351292';'2';'M';'28007';'M1823072687';'28007';'es_transportation';52.75;0
697;0;'C437189630';'4';'F';'28007';'M348934600';'28007';'es_transportation';30.15;0
698;0;'C1512444326';'3';'F';'28007';'M85975013';'28007';'es_food';35.74;0
699;0;'C1187702596';'3';'M';'28007';'M348934600';'28007';'es_transportation';12.14;0
700;0;'C490558731';'5';'M';'28007';'M348934600';'28007';'es_transportation';54.3;0
701;0;'C1011693897';'1';'F';'28007';'M348934600';'28007';'es_transportation';46.22;0
702;0;'C1383269171';'1';'F';'28007';'M348934600';'28007';'es_transportation';47.02;0
703;0;'C1560893361';'3';'M';'28007';'M1823072687';'28007';'es_transportation';25.86;0
704;0;'C2129810887';'4';'F';'28007';'M1535107174';'28007';'es_wellnessandbeauty';140.48;0
705;0;'C1282114843';'2';'F';'28007';'M348934600';'28007';'es_transportation';19.18;0
706;0;'C1837295173';'2';'M';'28007';'M855959430';'28007';'es_hyper';0.23;0
707;0;'C2095429384';'2';'F';'28007';'M348934600';'28007';'es_transportation';18.47;0
708;0;'C1777674460';'2';'F';'28007';'M348934600';'28007';'es_transportation';56.78;0
709;0;'C1468773146';'3';'M';'28007';'M348934600';'28007';'es_transportation';23.73;0
710;0;'C188084843';'2';'M';'28007';'M348934600';'28007';'es_transportation';38.51;0
711;0;'C1279143519';'5';'F';'28007';'M855959430';'28007';'es_hyper';54.33;0
712;0;'C1486961552';'4';'F';'28007';'M348934600';'28007';'es_transportation';16.07;0
713;0;'C1828345671';'4';'M';'28007';'M1823072687';'28007';'es_transportation';23.59;0
714;0;'C1035666255';'2';'M';'28007';'M348934600';'28007';'es_transportation';10.13;0
715;0;'C383368009';'4';'F';'28007';'M348934600';'28007';'es_transportation';39.28;0
716;0;'C798889135';'3';'M';'28007';'M1946091778';'28007';'es_wellnessandbeauty';33.96;0
717;0;'C1075692577';'3';'M';'28007';'M1823072687';'28007';'es_transportation';36.52;0
718;0;'C2119675022';'6';'F';'28007';'M348934600';'28007';'es_transportation';36.92;0
719;0;'C1626218926';'4';'F';'28007';'M348934600';'28007';'es_transportation';2.99;0
720;0;'C1292770722';'4';'F';'28007';'M348934600';'28007';'es_transportation';8.48;0
721;0;'C1873506157';'1';'M';'28007';'M348934600';'28007';'es_transportation';28.44;0
722;0;'C717345438';'3';'M';'28007';'M1823072687';'28007';'es_transportation';31.44;0
723;0;'C1532144144';'1';'M';'28007';'M348934600';'28007';'es_transportation';0.78;0
724;0;'C635603510';'2';'M';'28007';'M348934600';'28007';'es_transportation';39.42;0
725;0;'C1761432742';'2';'F';'28007';'M151143676';'28007';'es_barsandrestaurants';10.43;0
726;0;'C1983734850';'3';'M';'28007';'M855959430';'28007';'es_hyper';61.08;0
727;0;'C563092648';'6';'F';'28007';'M1053599405';'28007';'es_health';113.52;0
728;0;'C631654729';'5';'F';'28007';'M151143676';'28007';'es_barsandrestaurants';61.32;0
729;0;'C186469824';'4';'F';'28007';'M348934600';'28007';'es_transportation';34.95;0
730;0;'C1642689499';'2';'F';'28007';'M348934600';'28007';'es_transportation';34.07;0
731;0;'C460218551';'6';'M';'28007';'M348934600';'28007';'es_transportation';18.07;0
732;0;'C1368438034';'4';'M';'28007';'M348934600';'28007';'es_transportation';5.15;0
733;0;'C747175090';'5';'F';'28007';'M348934600';'28007';'es_transportation';40.48;0
734;0;'C509362814';'3';'M';'28007';'M348934600';'28007';'es_transportation';27.42;0
735;0;'C437836513';'2';'M';'28007';'M348934600';'28007';'es_transportation';16.91;0
736;0;'C475928775';'4';'F';'28007';'M348934600';'28007';'es_transportation';33.84;0
737;0;'C1844076143';'2';'M';'28007';'M85975013';'28007';'es_food';44.32;0
738;0;'C1037161656';'2';'F';'28007';'M348934600';'28007';'es_transportation';27.65;0
739;0;'C292682242';'3';'M';'28007';'M348934600';'28007';'es_transportation';33.26;0
740;0;'C1143300850';'1';'F';'28007';'M348934600';'28007';'es_transportation';14.41;0
741;0;'C875900250';'4';'M';'28007';'M348934600';'28007';'es_transportation';17.87;0
742;0;'C461156176';'5';'F';'28007';'M348934600';'28007';'es_transportation';73.55;0
743;0;'C12284077';'3';'F';'28007';'M1823072687';'28007';'es_transportation';69.89;0
744;0;'C1415571957';'2';'M';'28007';'M348934600';'28007';'es_transportation';56.13;0
745;0;'C1501782229';'5';'F';'28007';'M348934600';'28007';'es_transportation';48.51;0
746;0;'C700940580';'1';'F';'28007';'M1823072687';'28007';'es_transportation';31.19;0
747;0;'C23569509';'5';'M';'28007';'M348934600';'28007';'es_transportation';24.49;0
748;0;'C572958608';'2';'M';'28007';'M348934600';'28007';'es_transportation';17.74;0
749;0;'C947315968';'2';'F';'28007';'M1535107174';'28007';'es_wellnessandbeauty';47.72;0
750;0;'C480961011';'3';'M';'28007';'M348934600';'28007';'es_transportation';13.0;0
751;0;'C106397937';'5';'M';'28007';'M348934600';'28007';'es_transportation';26.77;0
752;0;'C1904416498';'4';'F';'28007';'M85975013';'28007';'es_food';24.47;0
753;0;'C1580955370';'2';'M';'28007';'M1823072687';'28007';'es_transportation';60.06;0
754;0;'C848293063';'5';'F';'28007';'M348934600';'28007';'es_transportation';42.83;0
755;0;'C430579454';'4';'F';'28007';'M1198415165';'28007';'es_wellnessandbeauty';104.03;0
756;0;'C507185945';'2';'F';'28007';'M1535107174';'28007';'es_wellnessandbeauty';67.52;0
757;0;'C1642006830';'3';'F';'28007';'M348934600';'28007';'es_transportation';22.31;0
758;0;'C474894075';'4';'F';'28007';'M348934600';'28007';'es_transportation';31.61;0
759;0;'C297351696';'1';'M';'28007';'M348934600';'28007';'es_transportation';9.68;0
760;0;'C339931011';'4';'M';'28007';'M1823072687';'28007';'es_transportation';2.65;0
761;0;'C1505467955';'3';'F';'28007';'M1823072687';'28007';'es_transportation';40.13;0
762;0;'C1225704566';'2';'F';'28007';'M1823072687';'28007';'es_transportation';23.71;0
763;0;'C419087520';'2';'M';'28007';'M348934600';'28007';'es_transportation';3.76;0
764;0;'C1878500339';'2';'F';'28007';'M348934600';'28007';'es_transportation';10.82;0
765;0;'C588937224';'1';'M';'28007';'M348934600';'28007';'es_transportation';30.37;0
766;0;'C30024621';'2';'F';'28007';'M692898500';'28007';'es_health';195.44;0
767;0;'C1067165398';'5';'M';'28007';'M348934600';'28007';'es_transportation';47.11;0
768;0;'C1594422820';'4';'F';'28007';'M348934600';'28007';'es_transportation';9.85;0
769;0;'C2023751717';'2';'M';'28007';'M348934600';'28007';'es_transportation';0.82;0
770;0;'C1436301390';'2';'F';'28007';'M1823072687';'28007';'es_transportation';9.09;0
771;0;'C1499363341';'5';'M';'28007';'M348934600';'28007';'es_transportation';43.16;0
772;0;'C1482659693';'2';'M';'28007';'M348934600';'28007';'es_transportation';13.02;0
773;0;'C1646298550';'2';'F';'28007';'M348934600';'28007';'es_transportation';70.9;0
774;0;'C636259913';'1';'M';'28007';'M348934600';'28007';'es_transportation';24.57;0
775;0;'C471003383';'3';'F';'28007';'M348934600';'28007';'es_transportation';20.77;0
776;0;'C1433132752';'3';'M';'28007';'M348934600';'28007';'es_transportation';64.29;0
777;0;'C1646712119';'2';'F';'28007';'M1823072687';'28007';'es_transportation';31.94;0
778;0;'C1307916597';'1';'F';'28007';'M348934600';'28007';'es_transportation';12.83;0
779;0;'C632176173';'2';'M';'28007';'M348934600';'28007';'es_transportation';11.51;0
780;0;'C1269635185';'2';'M';'28007';'M348934600';'28007';'es_transportation';20.83;0
781;0;'C1494778598';'3';'M';'28007';'M348934600';'28007';'es_transportation';1.23;0
782;0;'C44857022';'4';'F';'28007';'M85975013';'28007';'es_food';21.42;0
783;0;'C855942730';'3';'F';'28007';'M1823072687';'28007';'es_transportation';37.16;0
784;0;'C582173326';'4';'F';'28007';'M348934600';'28007';'es_transportation';26.11;0
785;0;'C1812521679';'4';'M';'28007';'M348934600';'28007';'es_transportation';30.82;0
786;0;'C1697472909';'3';'F';'28007';'M348934600';'28007';'es_transportation';0.83;0
787;0;'C1167781928';'6';'M';'28007';'M348934600';'28007';'es_transportation';24.95;0
788;0;'C1885719603';'3';'F';'28007';'M348934600';'28007';'es_transportation';26.15;0
789;0;'C485578112';'3';'F';'28007';'M348934600';'28007';'es_transportation';4.12;0
790;0;'C2102316964';'2';'M';'28007';'M348934600';'28007';'es_transportation';23.74;0
791;0;'C1154612561';'1';'M';'28007';'M348934600';'28007';'es_transportation';64.29;0
792;0;'C1576250855';'2';'F';'28007';'M348934600';'28007';'es_transportation';0.55;0
793;0;'C910969605';'1';'F';'28007';'M348934600';'28007';'es_transportation';46.43;0
794;0;'C121713128';'2';'F';'28007';'M1823072687';'28007';'es_transportation';16.94;0
795;0;'C599293124';'4';'F';'28007';'M348934600';'28007';'es_transportation';31.75;0
796;0;'C1930258744';'4';'M';'28007';'M1823072687';'28007';'es_transportation';40.57;0
797;0;'C1402381285';'4';'F';'28007';'M348934600';'28007';'es_transportation';33.28;0
798;0;'C1681976106';'1';'M';'28007';'M348934600';'28007';'es_transportation';9.65;0
799;0;'C1045652139';'6';'M';'28007';'M348934600';'28007';'es_transportation';71.06;0
800;0;'C1127983201';'6';'F';'28007';'M348934600';'28007';'es_transportation';8.19;0
801;0;'C1734487337';'4';'F';'28007';'M1741626453';'28007';'es_sportsandtoys';70.15;0
802;0;'C204205576';'3';'F';'28007';'M1741626453';'28007';'es_sportsandtoys';238.82;1
803;0;'C1591152121';'3';'M';'28007';'M1053599405';'28007';'es_health';142.49;0
804;0;'C1092512638';'3';'F';'28007';'M1053599405';'28007';'es_health';128.99;0
805;0;'C228023479';'4';'F';'28007';'M348934600';'28007';'es_transportation';6.76;0
806;0;'C938915039';'4';'F';'28007';'M348934600';'28007';'es_transportation';9.23;0
807;0;'C1652856443';'2';'M';'28007';'M855959430';'28007';'es_hyper';56.91;0
808;0;'C371812005';'2';'M';'28007';'M348934600';'28007';'es_transportation';13.68;0
809;0;'C763005836';'3';'F';'28007';'M348934600';'28007';'es_transportation';28.33;0
810;0;'C846682077';'3';'M';'28007';'M151143676';'28007';'es_barsandrestaurants';20.74;0
811;0;'C1314533733';'2';'M';'28007';'M348934600';'28007';'es_transportation';35.95;0
812;0;'C1340398290';'4';'M';'28007';'M855959430';'28007';'es_hyper';34.69;0
813;0;'C1812935919';'5';'M';'28007';'M348934600';'28007';'es_transportation';22.03;0
814;0;'C806943770';'4';'F';'28007';'M50039827';'28007';'es_health';59.51;0
815;0;'C166353588';'2';'F';'28007';'M1535107174';'28007';'es_wellnessandbeauty';21.03;0
816;0;'C1987985724';'2';'M';'28007';'M348934600';'28007';'es_transportation';72.45;0
817;0;'C1058785965';'2';'F';'28007';'M151143676';'28007';'es_barsandrestaurants';69.21;0
818;0;'C719449879';'6';'F';'28007';'M1823072687';'28007';'es_transportation';63.95;0
819;0;'C582022575';'3';'M';'28007';'M348934600';'28007';'es_transportation';22.84;0
820;0;'C464042268';'6';'F';'28007';'M1823072687';'28007';'es_transportation';26.87;0
821;0;'C1474786056';'2';'M';'28007';'M348934600';'28007';'es_transportation';34.69;0
822;0;'C987677028';'3';'M';'28007';'M348934600';'28007';'es_transportation';17.08;0
823;0;'C438957460';'4';'M';'28007';'M1823072687';'28007';'es_transportation';38.74;0
824;0;'C1344489848';'4';'F';'28007';'M348934600';'28007';'es_transportation';59.78;0
825;0;'C390271010';'3';'F';'28007';'M348934600';'28007';'es_transportation';17.86;0
826;0;'C567897093';'2';'M';'28007';'M348934600';'28007';'es_transportation';34.84;0
827;0;'C1125832994';'3';'F';'28007';'M348934600';'28007';'es_transportation';28.72;0
828;0;'C935791733';'3';'U';'28007';'M1823072687';'28007';'es_transportation';33.12;0
829;0;'C261768480';'4';'F';'28007';'M348934600';'28007';'es_transportation';42.82;0
830;0;'C1625937550';'2';'F';'28007';'M348934600';'28007';'es_transportation';28.41;0
831;0;'C1869142879';'5';'F';'28007';'M348934600';'28007';'es_transportation';47.07;0
832;0;'C34111179';'4';'F';'28007';'M348934600';'28007';'es_transportation';71.53;0
833;0;'C229592862';'4';'F';'28007';'M348934600';'28007';'es_transportation';16.76;0
834;0;'C1377736719';'5';'M';'28007';'M348934600';'28007';'es_transportation';24.16;0
835;0;'C1476491893';'3';'F';'28007';'M348934600';'28007';'es_transportation';10.84;0
836;0;'C249473604';'4';'F';'28007';'M348934600';'28007';'es_transportation';17.49;0
837;0;'C1446511647';'3';'F';'28007';'M1823072687';'28007';'es_transportation';38.36;0
838;0;'C2027892936';'4';'F';'28007';'M348934600';'28007';'es_transportation';38.73;0
839;0;'C1825851538';'4';'F';'28007';'M480139044';'28007';'es_health';55.82;0
840;0;'C1775611696';'1';'F';'28007';'M348934600';'28007';'es_transportation';22.46;0
841;0;'C719332132';'2';'F';'28007';'M348934600';'28007';'es_transportation';36.46;0
842;0;'C805483863';'4';'F';'28007';'M1823072687';'28007';'es_transportation';0.85;0
843;0;'C334841918';'2';'M';'28007';'M348934600';'28007';'es_transportation';35.8;0
844;0;'C1126112663';'4';'M';'28007';'M348934600';'28007';'es_transportation';7.09;0
845;0;'C2087715408';'3';'F';'28007';'M348934600';'28007';'es_transportation';22.12;0
846;0;'C71763178';'3';'M';'28007';'M1823072687';'28007';'es_transportation';26.92;0
847;0;'C1739998964';'2';'F';'28007';'M1823072687';'28007';'es_transportation';21.89;0
848;0;'C734397713';'2';'M';'28007';'M348934600';'28007';'es_transportation';13.72;0
849;0;'C95715318';'1';'F';'28007';'M85975013';'28007';'es_food';71.85;0
850;0;'C467035555';'2';'F';'28007';'M348934600';'28007';'es_transportation';11.22;0
851;0;'C846609537';'5';'M';'28007';'M348934600';'28007';'es_transportation';18.72;0
852;0;'C2118328869';'2';'F';'28007';'M348934600';'28007';'es_transportation';53.57;0
853;0;'C583110837';'3';'M';'28007';'M480139044';'28007';'es_health';667.09;1
854;0;'C1079254393';'1';'F';'28007';'M480139044';'28007';'es_health';520.5;1
855;0;'C1567385001';'2';'F';'28007';'M348934600';'28007';'es_transportation';7.1;0
856;0;'C1341662543';'3';'F';'28007';'M348934600';'28007';'es_transportation';80.35;0
857;0;'C1228157206';'1';'F';'28007';'M97925176';'28007';'es_wellnessandbeauty';46.1;0
858;0;'C696806398';'2';'F';'28007';'M1823072687';'28007';'es_transportation';59.67;0
859;0;'C1962291095';'2';'M';'28007';'M348934600';'28007';'es_transportation';8.65;0
860;0;'C360019679';'3';'F';'28007';'M348934600';'28007';'es_transportation';8.83;0
861;0;'C480118707';'2';'M';'28007';'M348934600';'28007';'es_transportation';65.26;0
862;0;'C17166563';'4';'F';'28007';'M348934600';'28007';'es_transportation';43.59;0
863;0;'C1209363182';'3';'F';'28007';'M348934600';'28007';'es_transportation';10.61;0
864;0;'C942160317';'2';'M';'28007';'M348934600';'28007';'es_transportation';45.1;0
865;0;'C212188289';'4';'M';'28007';'M980657600';'28007';'es_sportsandtoys';16.84;0
866;0;'C1612748385';'2';'F';'28007';'M348934600';'28007';'es_transportation';46.94;0
867;0;'C248927068';'2';'F';'28007';'M348934600';'28007';'es_transportation';38.25;0
868;0;'C976209265';'4';'M';'28007';'M348934600';'28007';'es_transportation';34.66;0
869;0;'C1412753123';'3';'F';'28007';'M348934600';'28007';'es_transportation';7.26;0
870;0;'C1066456457';'3';'F';'28007';'M348934600';'28007';'es_transportation';24.61;0
871;0;'C297745197';'4';'F';'28007';'M348934600';'28007';'es_transportation';40.91;0
872;0;'C447509116';'3';'M';'28007';'M348934600';'28007';'es_transportation';23.08;0
873;0;'C47652503';'5';'F';'28007';'M1823072687';'28007';'es_transportation';12.53;0
874;0;'C393339341';'3';'M';'28007';'M348934600';'28007';'es_transportation';37.86;0
875;0;'C885555910';'5';'F';'28007';'M1823072687';'28007';'es_transportation';19.0;0
876;0;'C1607207670';'2';'F';'28007';'M1823072687';'28007';'es_transportation';25.7;0
877;0;'C1562991705';'5';'F';'28007';'M151143676';'28007';'es_barsandrestaurants';52.39;0
878;0;'C1135867657';'6';'M';'28007';'M1823072687';'28007';'es_transportation';102.34;0
879;0;'C1546864044';'1';'M';'28007';'M348934600';'28007';'es_transportation';4.54;0
880;0;'C1193034305';'4';'F';'28007';'M1823072687';'28007';'es_transportation';11.17;0
881;0;'C1368070837';'2';'F';'28007';'M348934600';'28007';'es_transportation';1.42;0
882;0;'C413242191';'4';'F';'28007';'M348934600';'28007';'es_transportation';28.02;0
883;0;'C2044183803';'3';'M';'28007';'M348934600';'28007';'es_transportation';7.57;0
884;0;'C827822455';'3';'M';'28007';'M348934600';'28007';'es_transportation';19.88;0
885;0;'C1201848792';'2';'F';'28007';'M348934600';'28007';'es_transportation';9.73;0
886;0;'C1690793519';'2';'F';'28007';'M1535107174';'28007';'es_wellnessandbeauty';22.93;0
887;0;'C351144071';'2';'M';'28007';'M547558035';'28007';'es_fashion';75.21;0
888;0;'C1347371891';'2';'M';'28007';'M348934600';'28007';'es_transportation';6.15;0
889;0;'C1814131114';'2';'F';'28007';'M348934600';'28007';'es_transportation';27.86;0
890;0;'C1209651258';'2';'M';'28007';'M855959430';'28007';'es_hyper';20.72;0
891;0;'C961515074';'3';'M';'28007';'M85975013';'28007';'es_food';10.31;0
892;0;'C1005495267';'1';'M';'28007';'M1823072687';'28007';'es_transportation';25.04;0
893;0;'C260437492';'3';'F';'28007';'M1823072687';'28007';'es_transportation';22.22;0
894;0;'C1558014544';'3';'M';'28007';'M348934600';'28007';'es_transportation';49.02;0
895;0;'C1539370210';'3';'M';'28007';'M348934600';'28007';'es_transportation';4.22;0
896;0;'C2059136665';'2';'M';'28007';'M348934600';'28007';'es_transportation';16.06;0
897;0;'C709211172';'4';'F';'28007';'M348934600';'28007';'es_transportation';13.95;0
898;0;'C1299496226';'5';'F';'28007';'M348934600';'28007';'es_transportation';15.57;0
899;0;'C706757729';'3';'M';'28007';'M923029380';'28007';'es_home';24.8;0
900;0;'C1517749848';'2';'F';'28007';'M348934600';'28007';'es_transportation';33.41;0
901;0;'C1387070447';'2';'M';'28007';'M348934600';'28007';'es_transportation';24.97;0
902;0;'C1823983599';'2';'F';'28007';'M348934600';'28007';'es_transportation';32.78;0
903;0;'C1629765833';'2';'F';'28007';'M209847108';'28007';'es_wellnessandbeauty';8.81;0
904;0;'C1969942970';'3';'M';'28007';'M348934600';'28007';'es_transportation';58.88;0
905;0;'C718962269';'3';'F';'28007';'M348934600';'28007';'es_transportation';20.89;0
906;0;'C879614402';'1';'M';'28007';'M348934600';'28007';'es_transportation';25.03;0
907;0;'C290487175';'5';'M';'28007';'M1823072687';'28007';'es_transportation';10.73;0
908;0;'C478715873';'5';'F';'28007';'M1823072687';'28007';'es_transportation';24.7;0
909;0;'C1158233054';'2';'F';'28007';'M348934600';'28007';'es_transportation';21.69;0
910;0;'C53785803';'3';'M';'28007';'M348934600';'28007';'es_transportation';5.6;0
911;0;'C208514238';'3';'M';'28007';'M1823072687';'28007';'es_transportation';54.36;0
912;0;'C1117294574';'1';'F';'28007';'M840466850';'28007';'es_tech';21.94;0
913;0;'C790395954';'6';'F';'28007';'M348934600';'28007';'es_transportation';55.14;0
914;0;'C1502465707';'4';'F';'28007';'M348934600';'28007';'es_transportation';53.77;0
915;0;'C1018153896';'3';'F';'28007';'M348934600';'28007';'es_transportation';4.98;0
916;0;'C1059874896';'2';'M';'28007';'M348934600';'28007';'es_transportation';39.34;0
917;0;'C1552608695';'6';'F';'28007';'M85975013';'28007';'es_food';87.08;0
918;0;'C1309027409';'3';'M';'28007';'M1823072687';'28007';'es_transportation';28.39;0
919;0;'C1977634536';'4';'F';'28007';'M85975013';'28007';'es_food';85.88;0
920;0;'C330615170';'2';'F';'28007';'M1535107174';'28007';'es_wellnessandbeauty';190.53;1
921;0;'C330615170';'2';'F';'28007';'M1535107174';'28007';'es_wellnessandbeauty';451.92;1
922;0;'C1090046399';'2';'M';'28007';'M348934600';'28007';'es_transportation';25.23;0
923;0;'C1689884214';'3';'M';'28007';'M348934600';'28007';'es_transportation';33.16;0
924;0;'C1298891864';'2';'F';'28007';'M348934600';'28007';'es_transportation';38.71;0
925;0;'C915430510';'2';'F';'28007';'M348934600';'28007';'es_transportation';17.18;0
926;0;'C2046797625';'2';'M';'28007';'M348934600';'28007';'es_transportation';34.69;0
927;0;'C722399783';'4';'M';'28007';'M1823072687';'28007';'es_transportation';53.92;0
928;0;'C1821582093';'6';'F';'28007';'M348934600';'28007';'es_transportation';52.11;0
929;0;'C566628469';'2';'F';'28007';'M1823072687';'28007';'es_transportation';29.17;0
930;0;'C10745331';'4';'F';'28007';'M348934600';'28007';'es_transportation';29.01;0
931;0;'C1590346257';'1';'F';'28007';'M348934600';'28007';'es_transportation';4.29;0
932;0;'C100045114';'4';'M';'28007';'M348934600';'28007';'es_transportation';35.13;0
933;0;'C25346278';'3';'M';'28007';'M855959430';'28007';'es_hyper';17.79;0
934;0;'C2034859281';'2';'F';'28007';'M348934600';'28007';'es_transportation';16.6;0
935;0;'C1040272582';'2';'M';'28007';'M1823072687';'28007';'es_transportation';50.19;0
936;0;'C1680323951';'2';'F';'28007';'M348934600';'28007';'es_transportation';21.45;0
937;0;'C1806072501';'5';'M';'28007';'M348934600';'28007';'es_transportation';31.49;0
938;0;'C626467543';'4';'F';'28007';'M348934600';'28007';'es_transportation';17.81;0
939;0;'C1897689911';'3';'M';'28007';'M1946091778';'28007';'es_wellnessandbeauty';109.8;0
940;0;'C34676686';'2';'M';'28007';'M923029380';'28007';'es_home';130.55;0
941;0;'C2063574289';'1';'F';'28007';'M348934600';'28007';'es_transportation';45.94;0
942;0;'C927696302';'3';'F';'28007';'M348934600';'28007';'es_transportation';18.79;0
943;0;'C695108722';'2';'M';'28007';'M348934600';'28007';'es_transportation';42.78;0
944;0;'C517412999';'5';'M';'28007';'M348934600';'28007';'es_transportation';39.2;0
945;0;'C2049000934';'5';'M';'28007';'M348934600';'28007';'es_transportation';45.95;0
946;0;'C698318224';'2';'F';'28007';'M348934600';'28007';'es_transportation';25.72;0
947;0;'C1577104524';'2';'M';'28007';'M348934600';'28007';'es_transportation';42.4;0
948;0;'C1719535099';'3';'F';'28007';'M348934600';'28007';'es_transportation';28.42;0
949;0;'C1452053500';'3';'F';'28007';'M348934600';'28007';'es_transportation';11.48;0
950;0;'C951660772';'3';'M';'28007';'M1535107174';'28007';'es_wellnessandbeauty';70.93;0
951;0;'C1303226190';'1';'F';'28007';'M348934600';'28007';'es_transportation';23.93;0
952;0;'C551080865';'2';'F';'28007';'M348934600';'28007';'es_transportation';12.96;0
953;0;'C1980302296';'1';'F';'28007';'M1823072687';'28007';'es_transportation';17.68;0
954;0;'C26746445';'5';'M';'28007';'M348934600';'28007';'es_transportation';44.68;0
955;0;'C1830714840';'4';'F';'28007';'M348934600';'28007';'es_transportation';32.77;0
956;0;'C461669469';'6';'F';'28007';'M348934600';'28007';'es_transportation';15.87;0
957;0;'C1869757503';'5';'F';'28007';'M348934600';'28007';'es_transportation';48.61;0
958;0;'C300112558';'1';'F';'28007';'M348934600';'28007';'es_transportation';26.27;0
959;0;'C295271306';'6';'F';'28007';'M1823072687';'28007';'es_transportation';17.32;0
960;0;'C691894544';'2';'F';'28007';'M1535107174';'28007';'es_wellnessandbeauty';62.0;0
961;0;'C1638268213';'3';'M';'28007';'M1535107174';'28007';'es_wellnessandbeauty';142.75;0
962;0;'C345640256';'4';'F';'28007';'M348934600';'28007';'es_transportation';13.42;0
963;0;'C775101977';'3';'M';'28007';'M348934600';'28007';'es_transportation';34.01;0
964;0;'C711859898';'3';'F';'28007';'M348934600';'28007';'es_transportation';16.12;0
965;0;'C118836015';'1';'F';'28007';'M348934600';'28007';'es_transportation';5.48;0
966;0;'C306854291';'4';'F';'28007';'M85975013';'28007';'es_food';42.0;0
967;0;'C597908249';'3';'F';'28007';'M1823072687';'28007';'es_transportation';45.9;0
968;0;'C571254990';'3';'F';'28007';'M1198415165';'28007';'es_wellnessandbeauty';63.81;0
969;0;'C1047521541';'5';'M';'28007';'M1823072687';'28007';'es_transportation';1.91;0
970;0;'C76313164';'3';'F';'28007';'M348934600';'28007';'es_transportation';49.03;0
971;0;'C1227773968';'1';'M';'28007';'M348934600';'28007';'es_transportation';20.27;0
972;0;'C1745468920';'2';'F';'28007';'M348934600';'28007';'es_transportation';31.57;0
973;0;'C87462443';'1';'M';'28007';'M855959430';'28007';'es_hyper';44.1;0
974;0;'C249282739';'4';'M';'28007';'M348934600';'28007';'es_transportation';54.8;0
975;0;'C1434853621';'1';'F';'28007';'M348934600';'28007';'es_transportation';14.34;0
976;0;'C1213002113';'1';'F';'28007';'M348934600';'28007';'es_transportation';0.64;0
977;0;'C795132749';'5';'F';'28007';'M151143676';'28007';'es_barsandrestaurants';93.13;0
978;0;'C236847402';'3';'M';'28007';'M855959430';'28007';'es_hyper';46.5;0
979;0;'C1508025585';'5';'F';'28007';'M348934600';'28007';'es_transportation';39.41;0
980;0;'C1646349423';'2';'M';'28007';'M1353266412';'28007';'es_hotelservices';153.11;0
981;0;'C1355090926';'3';'F';'28007';'M1535107174';'28007';'es_wellnessandbeauty';105.99;0
982;0;'C2040640036';'1';'F';'28007';'M348934600';'28007';'es_transportation';5.64;0
983;0;'C1420603517';'3';'M';'28007';'M348934600';'28007';'es_transportation';20.57;0
984;0;'C1957046981';'5';'F';'28007';'M348934600';'28007';'es_transportation';30.0;0
985;0;'C2112631749';'2';'F';'28007';'M348934600';'28007';'es_transportation';5.67;0
986;0;'C280778280';'2';'M';'28007';'M1823072687';'28007';'es_transportation';0.91;0
987;0;'C2144163136';'1';'F';'28007';'M348934600';'28007';'es_transportation';28.32;0
988;0;'C1199767081';'3';'F';'28007';'M480139044';'28007';'es_health';50.88;0
989;0;'C778028540';'2';'F';'28007';'M348934600';'28007';'es_transportation';13.6;0
990;0;'C971838371';'4';'F';'28007';'M1823072687';'28007';'es_transportation';6.22;0
991;0;'C2055186059';'3';'F';'28007';'M1823072687';'28007';'es_transportation';11.09;0
992;0;'C1876476635';'2';'M';'28007';'M1823072687';'28007';'es_transportation';7.88;0
993;0;'C1962137244';'6';'M';'28007';'M1823072687';'28007';'es_transportation';46.82;0
994;0;'C109617474';'2';'F';'28007';'M348934600';'28007';'es_transportation';15.6;0
995;0;'C724380392';'2';'F';'28007';'M348934600';'28007';'es_transportation';33.32;0
996;0;'C451582208';'5';'F';'28007';'M348934600';'28007';'es_transportation';43.23;0
997;0;'C1877766749';'2';'M';'28007';'M348934600';'28007';'es_transportation';24.44;0
998;0;'C1375103798';'3';'F';'28007';'M1053599405';'28007';'es_health';74.25;0
999;0;'C1788358708';'2';'F';'28007';'M348934600';'28007';'es_transportation';30.92;0
1000;0;'C1674379117';'3';'F';'28007';'M348934600';'28007';'es_transportation';43.27;0
